line_code,assessment,area_codes
1,REQUIRES_SETTLEMENT_LINE_ROUTING,ORSZEM-FEJER|ORSZEM-GYOR-MOSON-SOPRON|ORSZEM-KOMAROM-ESZTERGOM|ORSZEM-PEST
10,REQUIRES_SETTLEMENT_LINE_ROUTING,ORSZEM-GYOR-MOSON-SOPRON|ORSZEM-VAS|ORSZEM-VESZPREM
100,REQUIRES_SETTLEMENT_LINE_ROUTING,ORSZEM-HAJDU-BIHAR|ORSZEM-JASZ-NAGYKUN-SZOLNOK|ORSZEM-PEST|ORSZEM-SZABOLCS-SZATMAR-BEREG
100c,REQUIRES_SETTLEMENT_LINE_ROUTING,ORSZEM-BORSOD-ABAUJ-ZEMPLEN|ORSZEM-SZABOLCS-SZATMAR-BEREG
101,PARTIAL_COVERAGE_NO_WHOLE_LINE_ASSIGNMENT,ORSZEM-HAJDU-BIHAR
102,REQUIRES_SETTLEMENT_LINE_ROUTING,ORSZEM-HEVES|ORSZEM-JASZ-NAGYKUN-SZOLNOK
103,PARTIAL_COVERAGE_NO_WHOLE_LINE_ASSIGNMENT,ORSZEM-JASZ-NAGYKUN-SZOLNOK
105,PARTIAL_COVERAGE_NO_WHOLE_LINE_ASSIGNMENT,ORSZEM-HAJDU-BIHAR
106,PARTIAL_COVERAGE_NO_WHOLE_LINE_ASSIGNMENT,ORSZEM-HAJDU-BIHAR
108,REQUIRES_SETTLEMENT_LINE_ROUTING,ORSZEM-HAJDU-BIHAR|ORSZEM-HEVES|ORSZEM-JASZ-NAGYKUN-SZOLNOK
109,REQUIRES_SETTLEMENT_LINE_ROUTING,ORSZEM-HAJDU-BIHAR|ORSZEM-SZABOLCS-SZATMAR-BEREG
11,REQUIRES_SETTLEMENT_LINE_ROUTING,ORSZEM-GYOR-MOSON-SOPRON|ORSZEM-VESZPREM
110,REQUIRES_SETTLEMENT_LINE_ROUTING,ORSZEM-HAJDU-BIHAR|ORSZEM-SZABOLCS-SZATMAR-BEREG
111,REQUIRES_SETTLEMENT_LINE_ROUTING,ORSZEM-NOGRAD|ORSZEM-SZABOLCS-SZATMAR-BEREG
114,PARTIAL_COVERAGE_NO_WHOLE_LINE_ASSIGNMENT,ORSZEM-SZABOLCS-SZATMAR-BEREG
115,PARTIAL_COVERAGE_NO_WHOLE_LINE_ASSIGNMENT,ORSZEM-SZABOLCS-SZATMAR-BEREG
116,PARTIAL_COVERAGE_NO_WHOLE_LINE_ASSIGNMENT,ORSZEM-SZABOLCS-SZATMAR-BEREG
117,PARTIAL_COVERAGE_NO_WHOLE_LINE_ASSIGNMENT,ORSZEM-SZABOLCS-SZATMAR-BEREG
11a,PARTIAL_COVERAGE_NO_WHOLE_LINE_ASSIGNMENT,ORSZEM-VESZPREM
12,PARTIAL_COVERAGE_NO_WHOLE_LINE_ASSIGNMENT,ORSZEM-KOMAROM-ESZTERGOM
120,REQUIRES_SETTLEMENT_LINE_ROUTING,ORSZEM-BEKES|ORSZEM-JASZ-NAGYKUN-SZOLNOK
120a,REQUIRES_SETTLEMENT_LINE_ROUTING,ORSZEM-JASZ-NAGYKUN-SZOLNOK|ORSZEM-PEST
121,REQUIRES_SETTLEMENT_LINE_ROUTING,ORSZEM-BEKES|ORSZEM-CSONGRAD-CSANAD
125,REQUIRES_SETTLEMENT_LINE_ROUTING,ORSZEM-BEKES|ORSZEM-CSONGRAD-CSANAD|ORSZEM-JASZ-NAGYKUN-SZOLNOK
128,REQUIRES_SETTLEMENT_LINE_ROUTING,ORSZEM-BEKES|ORSZEM-HAJDU-BIHAR
13,REQUIRES_SETTLEMENT_LINE_ROUTING,ORSZEM-GYOR-MOSON-SOPRON|ORSZEM-KOMAROM-ESZTERGOM
130,REQUIRES_SETTLEMENT_LINE_ROUTING,ORSZEM-CSONGRAD-CSANAD|ORSZEM-JASZ-NAGYKUN-SZOLNOK
135,REQUIRES_SETTLEMENT_LINE_ROUTING,ORSZEM-BEKES|ORSZEM-CSONGRAD-CSANAD
136,PARTIAL_COVERAGE_NO_WHOLE_LINE_ASSIGNMENT,ORSZEM-CSONGRAD-CSANAD
13L,PARTIAL_COVERAGE_NO_WHOLE_LINE_ASSIGNMENT,ORSZEM-VESZPREM
14,REQUIRES_SETTLEMENT_LINE_ROUTING,ORSZEM-GYOR-MOSON-SOPRON|ORSZEM-VESZPREM
140,REQUIRES_SETTLEMENT_LINE_ROUTING,ORSZEM-BACS-KISKUN|ORSZEM-CSONGRAD-CSANAD|ORSZEM-PEST
142,REQUIRES_SETTLEMENT_LINE_ROUTING,ORSZEM-BACS-KISKUN|ORSZEM-PEST
145,REQUIRES_SETTLEMENT_LINE_ROUTING,ORSZEM-BACS-KISKUN|ORSZEM-JASZ-NAGYKUN-SZOLNOK
146,REQUIRES_SETTLEMENT_LINE_ROUTING,ORSZEM-BACS-KISKUN|ORSZEM-JASZ-NAGYKUN-SZOLNOK
147,REQUIRES_SETTLEMENT_LINE_ROUTING,ORSZEM-BACS-KISKUN|ORSZEM-BEKES|ORSZEM-CSONGRAD-CSANAD
149,PARTIAL_COVERAGE_NO_WHOLE_LINE_ASSIGNMENT,ORSZEM-BACS-KISKUN
15,REQUIRES_SETTLEMENT_LINE_ROUTING,ORSZEM-GYOR-MOSON-SOPRON|ORSZEM-VAS
150,REQUIRES_SETTLEMENT_LINE_ROUTING,ORSZEM-BACS-KISKUN|ORSZEM-PEST
151,PARTIAL_COVERAGE_NO_WHOLE_LINE_ASSIGNMENT,ORSZEM-BACS-KISKUN
152,PARTIAL_COVERAGE_NO_WHOLE_LINE_ASSIGNMENT,ORSZEM-BACS-KISKUN
153,PARTIAL_COVERAGE_NO_WHOLE_LINE_ASSIGNMENT,ORSZEM-BACS-KISKUN
153K,PARTIAL_COVERAGE_NO_WHOLE_LINE_ASSIGNMENT,ORSZEM-BACS-KISKUN
154,REQUIRES_SETTLEMENT_LINE_ROUTING,ORSZEM-BACS-KISKUN|ORSZEM-TOLNA
155,PARTIAL_COVERAGE_NO_WHOLE_LINE_ASSIGNMENT,ORSZEM-BACS-KISKUN
16,REQUIRES_SETTLEMENT_LINE_ROUTING,ORSZEM-GYOR-MOSON-SOPRON|ORSZEM-VAS
18,PARTIAL_COVERAGE_NO_WHOLE_LINE_ASSIGNMENT,ORSZEM-VAS
2,REQUIRES_SETTLEMENT_LINE_ROUTING,ORSZEM-KOMAROM-ESZTERGOM|ORSZEM-PEST
20,REQUIRES_SETTLEMENT_LINE_ROUTING,ORSZEM-FEJER|ORSZEM-VAS|ORSZEM-VESZPREM
20L,PARTIAL_COVERAGE_NO_WHOLE_LINE_ASSIGNMENT,ORSZEM-VESZPREM
21,PARTIAL_COVERAGE_NO_WHOLE_LINE_ASSIGNMENT,ORSZEM-VAS
22,PARTIAL_COVERAGE_NO_WHOLE_LINE_ASSIGNMENT,ORSZEM-VAS
23,PARTIAL_COVERAGE_NO_WHOLE_LINE_ASSIGNMENT,ORSZEM-ZALA
24,PARTIAL_COVERAGE_NO_WHOLE_LINE_ASSIGNMENT,ORSZEM-ZALA
25,REQUIRES_SETTLEMENT_LINE_ROUTING,ORSZEM-VAS|ORSZEM-VESZPREM|ORSZEM-ZALA
26,REQUIRES_SETTLEMENT_LINE_ROUTING,ORSZEM-VESZPREM|ORSZEM-ZALA
262e,PARTIAL_COVERAGE_NO_WHOLE_LINE_ASSIGNMENT,ORSZEM-HEVES
268,PARTIAL_COVERAGE_NO_WHOLE_LINE_ASSIGNMENT,ORSZEM-KOMAROM-ESZTERGOM
27,REQUIRES_SETTLEMENT_LINE_ROUTING,ORSZEM-FEJER|ORSZEM-VESZPREM
284,PARTIAL_COVERAGE_NO_WHOLE_LINE_ASSIGNMENT,ORSZEM-SZABOLCS-SZATMAR-BEREG
29,REQUIRES_SETTLEMENT_LINE_ROUTING,ORSZEM-FEJER|ORSZEM-VESZPREM
3,PARTIAL_COVERAGE_NO_WHOLE_LINE_ASSIGNMENT,ORSZEM-KOMAROM-ESZTERGOM
30,REQUIRES_SETTLEMENT_LINE_ROUTING,ORSZEM-BARANYA|ORSZEM-FEJER|ORSZEM-PEST|ORSZEM-SOMOGY|ORSZEM-ZALA
300b,PARTIAL_COVERAGE_NO_WHOLE_LINE_ASSIGNMENT,ORSZEM-GYOR-MOSON-SOPRON
306,PARTIAL_COVERAGE_NO_WHOLE_LINE_ASSIGNMENT,ORSZEM-FEJER
31,PARTIAL_COVERAGE_NO_WHOLE_LINE_ASSIGNMENT,ORSZEM-PEST
342,PARTIAL_COVERAGE_NO_WHOLE_LINE_ASSIGNMENT,ORSZEM-FEJER
35,PARTIAL_COVERAGE_NO_WHOLE_LINE_ASSIGNMENT,ORSZEM-SOMOGY
351,PARTIAL_COVERAGE_NO_WHOLE_LINE_ASSIGNMENT,ORSZEM-VESZPREM
353,PARTIAL_COVERAGE_NO_WHOLE_LINE_ASSIGNMENT,ORSZEM-VESZPREM
36,PARTIAL_COVERAGE_NO_WHOLE_LINE_ASSIGNMENT,ORSZEM-SOMOGY
37,PARTIAL_COVERAGE_NO_WHOLE_LINE_ASSIGNMENT,ORSZEM-SOMOGY
371,PARTIAL_COVERAGE_NO_WHOLE_LINE_ASSIGNMENT,ORSZEM-BORSOD-ABAUJ-ZEMPLEN
372,PARTIAL_COVERAGE_NO_WHOLE_LINE_ASSIGNMENT,ORSZEM-HEVES
38,PARTIAL_COVERAGE_NO_WHOLE_LINE_ASSIGNMENT,ORSZEM-SOMOGY
392,PARTIAL_COVERAGE_NO_WHOLE_LINE_ASSIGNMENT,ORSZEM-BACS-KISKUN
4,PARTIAL_COVERAGE_NO_WHOLE_LINE_ASSIGNMENT,ORSZEM-KOMAROM-ESZTERGOM
40,REQUIRES_SETTLEMENT_LINE_ROUTING,ORSZEM-BARANYA|ORSZEM-FEJER|ORSZEM-PEST|ORSZEM-TOLNA
400,PARTIAL_COVERAGE_NO_WHOLE_LINE_ASSIGNMENT,ORSZEM-SZABOLCS-SZATMAR-BEREG
40E,REQUIRES_SETTLEMENT_LINE_ROUTING,ORSZEM-FEJER|ORSZEM-PEST
41,REQUIRES_SETTLEMENT_LINE_ROUTING,ORSZEM-SOMOGY|ORSZEM-TOLNA
42,REQUIRES_SETTLEMENT_LINE_ROUTING,ORSZEM-FEJER|ORSZEM-TOLNA
43,PARTIAL_COVERAGE_NO_WHOLE_LINE_ASSIGNMENT,ORSZEM-FEJER
44,PARTIAL_COVERAGE_NO_WHOLE_LINE_ASSIGNMENT,ORSZEM-FEJER
46,REQUIRES_SETTLEMENT_LINE_ROUTING,ORSZEM-FEJER|ORSZEM-TOLNA
47,PARTIAL_COVERAGE_NO_WHOLE_LINE_ASSIGNMENT,ORSZEM-BARANYA
5,REQUIRES_SETTLEMENT_LINE_ROUTING,ORSZEM-FEJER|ORSZEM-KOMAROM-ESZTERGOM
50,REQUIRES_SETTLEMENT_LINE_ROUTING,ORSZEM-BARANYA|ORSZEM-TOLNA
5b,PARTIAL_COVERAGE_NO_WHOLE_LINE_ASSIGNMENT,ORSZEM-FEJER
6,PARTIAL_COVERAGE_NO_WHOLE_LINE_ASSIGNMENT,ORSZEM-FEJER
60,REQUIRES_SETTLEMENT_LINE_ROUTING,ORSZEM-BARANYA|ORSZEM-SOMOGY|ORSZEM-ZALA
61,PARTIAL_COVERAGE_NO_WHOLE_LINE_ASSIGNMENT,ORSZEM-BARANYA
62,PARTIAL_COVERAGE_NO_WHOLE_LINE_ASSIGNMENT,ORSZEM-BARANYA
64,REQUIRES_SETTLEMENT_LINE_ROUTING,ORSZEM-BARANYA|ORSZEM-TOLNA
65,PARTIAL_COVERAGE_NO_WHOLE_LINE_ASSIGNMENT,ORSZEM-BARANYA
66,PARTIAL_COVERAGE_NO_WHOLE_LINE_ASSIGNMENT,ORSZEM-BARANYA
70,PARTIAL_COVERAGE_NO_WHOLE_LINE_ASSIGNMENT,ORSZEM-PEST
70AX,PARTIAL_COVERAGE_NO_WHOLE_LINE_ASSIGNMENT,ORSZEM-PEST
71,PARTIAL_COVERAGE_NO_WHOLE_LINE_ASSIGNMENT,ORSZEM-PEST
74,PARTIAL_COVERAGE_NO_WHOLE_LINE_ASSIGNMENT,ORSZEM-NOGRAD
75,REQUIRES_SETTLEMENT_LINE_ROUTING,ORSZEM-NOGRAD|ORSZEM-PEST
76,PARTIAL_COVERAGE_NO_WHOLE_LINE_ASSIGNMENT,ORSZEM-NOGRAD
77,PARTIAL_COVERAGE_NO_WHOLE_LINE_ASSIGNMENT,ORSZEM-PEST
78,REQUIRES_SETTLEMENT_LINE_ROUTING,ORSZEM-NOGRAD|ORSZEM-PEST
8,PARTIAL_COVERAGE_NO_WHOLE_LINE_ASSIGNMENT,ORSZEM-GYOR-MOSON-SOPRON
80,REQUIRES_SETTLEMENT_LINE_ROUTING,ORSZEM-BORSOD-ABAUJ-ZEMPLEN|ORSZEM-HEVES|ORSZEM-PEST
81,REQUIRES_SETTLEMENT_LINE_ROUTING,ORSZEM-HEVES|ORSZEM-NOGRAD
81M,PARTIAL_COVERAGE_NO_WHOLE_LINE_ASSIGNMENT,ORSZEM-NOGRAD
82,PARTIAL_COVERAGE_NO_WHOLE_LINE_ASSIGNMENT,ORSZEM-JASZ-NAGYKUN-SZOLNOK
84,REQUIRES_SETTLEMENT_LINE_ROUTING,ORSZEM-HEVES|ORSZEM-NOGRAD
85,PARTIAL_COVERAGE_NO_WHOLE_LINE_ASSIGNMENT,ORSZEM-HEVES
86,PARTIAL_COVERAGE_NO_WHOLE_LINE_ASSIGNMENT,ORSZEM-JASZ-NAGYKUN-SZOLNOK
87,REQUIRES_SETTLEMENT_LINE_ROUTING,ORSZEM-HEVES|ORSZEM-ZALA
88,PARTIAL_COVERAGE_NO_WHOLE_LINE_ASSIGNMENT,ORSZEM-BORSOD-ABAUJ-ZEMPLEN
89,PARTIAL_COVERAGE_NO_WHOLE_LINE_ASSIGNMENT,ORSZEM-BORSOD-ABAUJ-ZEMPLEN
9,PARTIAL_COVERAGE_NO_WHOLE_LINE_ASSIGNMENT,ORSZEM-GYOR-MOSON-SOPRON
90,PARTIAL_COVERAGE_NO_WHOLE_LINE_ASSIGNMENT,ORSZEM-BORSOD-ABAUJ-ZEMPLEN
92,PARTIAL_COVERAGE_NO_WHOLE_LINE_ASSIGNMENT,ORSZEM-BORSOD-ABAUJ-ZEMPLEN
94,PARTIAL_COVERAGE_NO_WHOLE_LINE_ASSIGNMENT,ORSZEM-BORSOD-ABAUJ-ZEMPLEN
95,PARTIAL_COVERAGE_NO_WHOLE_LINE_ASSIGNMENT,ORSZEM-BORSOD-ABAUJ-ZEMPLEN
98,PARTIAL_COVERAGE_NO_WHOLE_LINE_ASSIGNMENT,ORSZEM-BORSOD-ABAUJ-ZEMPLEN
