ksh_code,line_code,area_code
01508,75,ORSZEM-NOGRAD
01526,81,ORSZEM-NOGRAD
02051,30,ORSZEM-SOMOGY
02097,23,ORSZEM-ZALA
02185,29,ORSZEM-VESZPREM
02219,29,ORSZEM-VESZPREM
02264,40,ORSZEM-BARANYA
02307,100,ORSZEM-HAJDU-BIHAR
02325,116,ORSZEM-SZABOLCS-SZATMAR-BEREG
02431,15,ORSZEM-VAS
02459,46,ORSZEM-FEJER
02495,15,ORSZEM-GYOR-MOSON-SOPRON
02547,61,ORSZEM-BARANYA
02565,40,ORSZEM-TOLNA
02608,25,ORSZEM-ZALA
02626,130,ORSZEM-JASZ-NAGYKUN-SZOLNOK
02635,1,ORSZEM-GYOR-MOSON-SOPRON
02723,40,ORSZEM-FEJER
02778,78,ORSZEM-NOGRAD
02839,20,ORSZEM-VAS
02848,80,ORSZEM-BORSOD-ABAUJ-ZEMPLEN
02848,90,ORSZEM-BORSOD-ABAUJ-ZEMPLEN
02918,108,ORSZEM-HAJDU-BIHAR
02981,108,ORSZEM-HEVES
03009,15,ORSZEM-VAS
03009,18,ORSZEM-VAS
03009,20,ORSZEM-VAS
03009,21,ORSZEM-VAS
03045,109,ORSZEM-HAJDU-BIHAR
03115,342,ORSZEM-FEJER
03115,42,ORSZEM-FEJER
03133,80,ORSZEM-BORSOD-ABAUJ-ZEMPLEN
03249,78,ORSZEM-NOGRAD
03276,80,ORSZEM-HEVES
03328,78,ORSZEM-NOGRAD
03382,87,ORSZEM-HEVES
03443,100c,ORSZEM-BORSOD-ABAUJ-ZEMPLEN
03443,80,ORSZEM-BORSOD-ABAUJ-ZEMPLEN
03461,120,ORSZEM-BEKES
03461,121,ORSZEM-BEKES
03522,154,ORSZEM-BACS-KISKUN
03559,30,ORSZEM-SOMOGY
03595,98,ORSZEM-BORSOD-ABAUJ-ZEMPLEN
03601,27,ORSZEM-VESZPREM
03674,25,ORSZEM-VAS
03692,120a,ORSZEM-PEST
03887,10,ORSZEM-GYOR-MOSON-SOPRON
03902,98,ORSZEM-BORSOD-ABAUJ-ZEMPLEN
03911,21,ORSZEM-VAS
03948,26,ORSZEM-VESZPREM
04039,14,ORSZEM-GYOR-MOSON-SOPRON
04039,16,ORSZEM-GYOR-MOSON-SOPRON
04039,8,ORSZEM-GYOR-MOSON-SOPRON
04057,80,ORSZEM-PEST
04075,142,ORSZEM-PEST
04084,102,ORSZEM-HEVES
04093,152,ORSZEM-BACS-KISKUN
04118,108,ORSZEM-HAJDU-BIHAR
04154,30,ORSZEM-PEST
04154,31,ORSZEM-PEST
04233,90,ORSZEM-BORSOD-ABAUJ-ZEMPLEN
04260,120,ORSZEM-JASZ-NAGYKUN-SZOLNOK
04260,125,ORSZEM-JASZ-NAGYKUN-SZOLNOK
04358,75,ORSZEM-NOGRAD
04428,1,ORSZEM-KOMAROM-ESZTERGOM
04525,13,ORSZEM-KOMAROM-ESZTERGOM
04561,29,ORSZEM-VESZPREM
04589,8,ORSZEM-GYOR-MOSON-SOPRON
04604,88,ORSZEM-BORSOD-ABAUJ-ZEMPLEN
04604,89,ORSZEM-BORSOD-ABAUJ-ZEMPLEN
04631,20,ORSZEM-VESZPREM
04659,30,ORSZEM-FEJER
04668,10,ORSZEM-VESZPREM
04677,80,ORSZEM-BORSOD-ABAUJ-ZEMPLEN
04738,23,ORSZEM-ZALA
04783,1,ORSZEM-GYOR-MOSON-SOPRON
04853,60,ORSZEM-SOMOGY
04862,42,ORSZEM-TOLNA
04871,78,ORSZEM-NOGRAD
04923,100,ORSZEM-JASZ-NAGYKUN-SZOLNOK
04923,103,ORSZEM-JASZ-NAGYKUN-SZOLNOK
04932,41,ORSZEM-SOMOGY
04950,23,ORSZEM-ZALA
05032,135,ORSZEM-BEKES
05111,147,ORSZEM-CSONGRAD-CSANAD
05120,80,ORSZEM-BORSOD-ABAUJ-ZEMPLEN
05148,29,ORSZEM-VESZPREM
05175,100,ORSZEM-HAJDU-BIHAR
05209,65,ORSZEM-BARANYA
05227,77,ORSZEM-PEST
05236,85,ORSZEM-HEVES
05263,35,ORSZEM-SOMOGY
05281,142,ORSZEM-PEST
05333,90,ORSZEM-BORSOD-ABAUJ-ZEMPLEN
05342,23,ORSZEM-ZALA
05379,121,ORSZEM-CSONGRAD-CSANAD
05430,47,ORSZEM-BARANYA
05449,1,ORSZEM-KOMAROM-ESZTERGOM
05449,3,ORSZEM-KOMAROM-ESZTERGOM
05449,5,ORSZEM-KOMAROM-ESZTERGOM
05582,89,ORSZEM-BORSOD-ABAUJ-ZEMPLEN
05625,29,ORSZEM-VESZPREM
05643,87,ORSZEM-HEVES
05652,14,ORSZEM-VESZPREM
05670,100,ORSZEM-SZABOLCS-SZATMAR-BEREG
05698,77,ORSZEM-PEST
05777,86,ORSZEM-JASZ-NAGYKUN-SZOLNOK
05838,29,ORSZEM-VESZPREM
05874,100,ORSZEM-JASZ-NAGYKUN-SZOLNOK
05874,120,ORSZEM-JASZ-NAGYKUN-SZOLNOK
05892,65,ORSZEM-BARANYA
05926,94,ORSZEM-BORSOD-ABAUJ-ZEMPLEN
05935,80,ORSZEM-HEVES
05944,11,ORSZEM-GYOR-MOSON-SOPRON
05962,121,ORSZEM-CSONGRAD-CSANAD
06008,30,ORSZEM-SOMOGY
06035,142,ORSZEM-PEST
06080,35,ORSZEM-SOMOGY
06114,29,ORSZEM-FEJER
06187,110,ORSZEM-HAJDU-BIHAR
06202,145,ORSZEM-BACS-KISKUN
06202,146,ORSZEM-BACS-KISKUN
06284,125,ORSZEM-CSONGRAD-CSANAD
06345,84,ORSZEM-HEVES
06415,61,ORSZEM-BARANYA
06442,153,ORSZEM-BACS-KISKUN
06442,153K,ORSZEM-BACS-KISKUN
06488,115,ORSZEM-SZABOLCS-SZATMAR-BEREG
06558,42,ORSZEM-TOLNA
06628,78,ORSZEM-NOGRAD
06673,20,ORSZEM-VESZPREM
06673,351,ORSZEM-VESZPREM
06691,92,ORSZEM-BORSOD-ABAUJ-ZEMPLEN
06691,95,ORSZEM-BORSOD-ABAUJ-ZEMPLEN
06743,75,ORSZEM-NOGRAD
06743,76,ORSZEM-NOGRAD
06804,128,ORSZEM-BEKES
06804,135,ORSZEM-BEKES
06859,1,ORSZEM-PEST
06895,15,ORSZEM-GYOR-MOSON-SOPRON
06901,46,ORSZEM-TOLNA
06910,60,ORSZEM-SOMOGY
06947,75,ORSZEM-PEST
07001,43,ORSZEM-FEJER
07056,36,ORSZEM-SOMOGY
07065,20,ORSZEM-VESZPREM
07117,30,ORSZEM-SOMOGY
07126,40,ORSZEM-BARANYA
07144,2,ORSZEM-PEST
07153,65,ORSZEM-BARANYA
07214,15,ORSZEM-VAS
07223,92,ORSZEM-BORSOD-ABAUJ-ZEMPLEN
07269,27,ORSZEM-FEJER
07269,30,ORSZEM-FEJER
07339,29,ORSZEM-VESZPREM
07357,121,ORSZEM-CSONGRAD-CSANAD
07375,30,ORSZEM-SOMOGY
07375,37,ORSZEM-SOMOGY
07384,2,ORSZEM-PEST
07409,81,ORSZEM-NOGRAD
07418,130,ORSZEM-JASZ-NAGYKUN-SZOLNOK
07490,145,ORSZEM-JASZ-NAGYKUN-SZOLNOK
07597,109,ORSZEM-SZABOLCS-SZATMAR-BEREG
07612,151,ORSZEM-BACS-KISKUN
07685,40,ORSZEM-TOLNA
07685,41,ORSZEM-TOLNA
07685,50,ORSZEM-TOLNA
07694,65,ORSZEM-BARANYA
07807,80,ORSZEM-PEST
07852,103,ORSZEM-JASZ-NAGYKUN-SZOLNOK
07904,115,ORSZEM-SZABOLCS-SZATMAR-BEREG
07922,20,ORSZEM-VESZPREM
08013,25,ORSZEM-VAS
08077,94,ORSZEM-BORSOD-ABAUJ-ZEMPLEN
08086,90,ORSZEM-BORSOD-ABAUJ-ZEMPLEN
08101,23,ORSZEM-ZALA
08156,75,ORSZEM-NOGRAD
08244,125,ORSZEM-BEKES
08314,130,ORSZEM-CSONGRAD-CSANAD
08314,135,ORSZEM-CSONGRAD-CSANAD
08332,142,ORSZEM-PEST
08350,155,ORSZEM-BACS-KISKUN
08378,155,ORSZEM-BACS-KISKUN
08396,94,ORSZEM-BORSOD-ABAUJ-ZEMPLEN
08420,116,ORSZEM-SZABOLCS-SZATMAR-BEREG
08518,15,ORSZEM-GYOR-MOSON-SOPRON
08518,300b,ORSZEM-GYOR-MOSON-SOPRON
08518,8,ORSZEM-GYOR-MOSON-SOPRON
08527,84,ORSZEM-HEVES
08545,71,ORSZEM-PEST
08581,30,ORSZEM-FEJER
08590,35,ORSZEM-SOMOGY
08679,153,ORSZEM-BACS-KISKUN
08688,4,ORSZEM-KOMAROM-ESZTERGOM
08712,81,ORSZEM-NOGRAD
08721,11,ORSZEM-GYOR-MOSON-SOPRON
08749,20,ORSZEM-VESZPREM
08758,4,ORSZEM-KOMAROM-ESZTERGOM
08776,100,ORSZEM-SZABOLCS-SZATMAR-BEREG
08864,154,ORSZEM-TOLNA
08864,46,ORSZEM-TOLNA
08864,50,ORSZEM-TOLNA
08864,64,ORSZEM-TOLNA
08891,1,ORSZEM-PEST
08925,42,ORSZEM-FEJER
08952,115,ORSZEM-SZABOLCS-SZATMAR-BEREG
08961,46,ORSZEM-TOLNA
08989,105,ORSZEM-HAJDU-BIHAR
09007,50,ORSZEM-BARANYA
09034,75,ORSZEM-NOGRAD
09052,84,ORSZEM-HEVES
09098,41,ORSZEM-SOMOGY
09113,117,ORSZEM-SZABOLCS-SZATMAR-BEREG
09122,120a,ORSZEM-PEST
09131,80,ORSZEM-PEST
09168,60,ORSZEM-ZALA
09210,130,ORSZEM-CSONGRAD-CSANAD
09247,142,ORSZEM-PEST
09265,100,ORSZEM-SZABOLCS-SZATMAR-BEREG
09344,150,ORSZEM-BACS-KISKUN
09353,111,ORSZEM-SZABOLCS-SZATMAR-BEREG
09469,154,ORSZEM-BACS-KISKUN
09496,92,ORSZEM-BORSOD-ABAUJ-ZEMPLEN
09511,147,ORSZEM-BEKES
09584,150,ORSZEM-PEST
09593,80,ORSZEM-PEST
09627,120,ORSZEM-JASZ-NAGYKUN-SZOLNOK
09627,130,ORSZEM-JASZ-NAGYKUN-SZOLNOK
09645,30,ORSZEM-SOMOGY
09821,100,ORSZEM-PEST
09849,142,ORSZEM-PEST
09894,75,ORSZEM-NOGRAD
09900,42,ORSZEM-FEJER
09919,100,ORSZEM-SZABOLCS-SZATMAR-BEREG
09919,400,ORSZEM-SZABOLCS-SZATMAR-BEREG
09964,84,ORSZEM-HEVES
09973,150,ORSZEM-PEST
10092,29,ORSZEM-VESZPREM
10117,111,ORSZEM-SZABOLCS-SZATMAR-BEREG
10126,114,ORSZEM-SZABOLCS-SZATMAR-BEREG
10135,64,ORSZEM-BARANYA
10162,100,ORSZEM-HAJDU-BIHAR
10162,101,ORSZEM-HAJDU-BIHAR
10296,30,ORSZEM-FEJER
10348,30,ORSZEM-ZALA
10393,100,ORSZEM-HAJDU-BIHAR
10418,372,ORSZEM-HEVES
10418,80,ORSZEM-HEVES
10481,1,ORSZEM-FEJER
10490,2,ORSZEM-KOMAROM-ESZTERGOM
10551,100,ORSZEM-PEST
10588,16,ORSZEM-GYOR-MOSON-SOPRON
10612,94,ORSZEM-BORSOD-ABAUJ-ZEMPLEN
10630,25,ORSZEM-VAS
10667,140,ORSZEM-BACS-KISKUN
10719,154,ORSZEM-BACS-KISKUN
10719,392,ORSZEM-BACS-KISKUN
10728,94,ORSZEM-BORSOD-ABAUJ-ZEMPLEN
10746,65,ORSZEM-BARANYA
10816,150,ORSZEM-PEST
10922,120a,ORSZEM-PEST
11013,80,ORSZEM-HEVES
11022,98,ORSZEM-BORSOD-ABAUJ-ZEMPLEN
11031,40,ORSZEM-TOLNA
11174,37,ORSZEM-SOMOGY
11253,8,ORSZEM-GYOR-MOSON-SOPRON
11262,8,ORSZEM-GYOR-MOSON-SOPRON
11332,92,ORSZEM-BORSOD-ABAUJ-ZEMPLEN
11341,100,ORSZEM-PEST
11341,140,ORSZEM-PEST
11402,47,ORSZEM-BARANYA
11439,20,ORSZEM-VESZPREM
11439,20L,ORSZEM-VESZPREM
11509,41,ORSZEM-SOMOGY
11563,154,ORSZEM-TOLNA
11679,25,ORSZEM-VAS
11697,90,ORSZEM-BORSOD-ABAUJ-ZEMPLEN
11697,98,ORSZEM-BORSOD-ABAUJ-ZEMPLEN
11767,20,ORSZEM-VESZPREM
11776,20,ORSZEM-FEJER
11794,149,ORSZEM-BACS-KISKUN
11873,121,ORSZEM-BEKES
11873,125,ORSZEM-BEKES
11882,1,ORSZEM-GYOR-MOSON-SOPRON
11934,2,ORSZEM-PEST
11943,18,ORSZEM-VAS
11989,120,ORSZEM-BEKES
11998,40,ORSZEM-TOLNA
12007,140,ORSZEM-CSONGRAD-CSANAD
12177,125,ORSZEM-BEKES
12186,100,ORSZEM-SZABOLCS-SZATMAR-BEREG
12210,98,ORSZEM-BORSOD-ABAUJ-ZEMPLEN
12238,26,ORSZEM-VESZPREM
12256,128,ORSZEM-BEKES
12265,135,ORSZEM-CSONGRAD-CSANAD
12274,116,ORSZEM-SZABOLCS-SZATMAR-BEREG
12344,150,ORSZEM-BACS-KISKUN
12441,102,ORSZEM-JASZ-NAGYKUN-SZOLNOK
12469,98,ORSZEM-BORSOD-ABAUJ-ZEMPLEN
12511,75,ORSZEM-NOGRAD
12548,40,ORSZEM-BARANYA
12575,23,ORSZEM-ZALA
12609,25,ORSZEM-ZALA
12672,111,ORSZEM-SZABOLCS-SZATMAR-BEREG
12681,135,ORSZEM-BEKES
12779,121,ORSZEM-CSONGRAD-CSANAD
12788,101,ORSZEM-HAJDU-BIHAR
12803,109,ORSZEM-HAJDU-BIHAR
12876,35,ORSZEM-SOMOGY
12885,80,ORSZEM-BORSOD-ABAUJ-ZEMPLEN
12894,100,ORSZEM-PEST
12919,26,ORSZEM-ZALA
12955,11,ORSZEM-GYOR-MOSON-SOPRON
13019,110,ORSZEM-SZABOLCS-SZATMAR-BEREG
13134,98,ORSZEM-BORSOD-ABAUJ-ZEMPLEN
13152,46,ORSZEM-FEJER
13161,136,ORSZEM-CSONGRAD-CSANAD
13170,146,ORSZEM-JASZ-NAGYKUN-SZOLNOK
13259,40,ORSZEM-FEJER
13295,78,ORSZEM-PEST
13310,40,ORSZEM-BARANYA
13408,152,ORSZEM-BACS-KISKUN
13426,20,ORSZEM-VAS
13435,120a,ORSZEM-PEST
13462,40,ORSZEM-FEJER
13480,71,ORSZEM-PEST
13532,21,ORSZEM-VAS
13532,22,ORSZEM-VAS
13550,100c,ORSZEM-SZABOLCS-SZATMAR-BEREG
13596,371,ORSZEM-BORSOD-ABAUJ-ZEMPLEN
13657,75,ORSZEM-NOGRAD
13657,78,ORSZEM-NOGRAD
13781,41,ORSZEM-SOMOGY
13815,130,ORSZEM-JASZ-NAGYKUN-SZOLNOK
13824,35,ORSZEM-SOMOGY
13833,88,ORSZEM-BORSOD-ABAUJ-ZEMPLEN
13921,23,ORSZEM-ZALA
13930,41,ORSZEM-SOMOGY
13949,80,ORSZEM-PEST
13985,35,ORSZEM-SOMOGY
13994,41,ORSZEM-SOMOGY
14012,60,ORSZEM-SOMOGY
14021,18,ORSZEM-VAS
14030,50,ORSZEM-TOLNA
14058,150,ORSZEM-BACS-KISKUN
14058,152,ORSZEM-BACS-KISKUN
14094,146,ORSZEM-BACS-KISKUN
14146,120a,ORSZEM-PEST
14155,268,ORSZEM-KOMAROM-ESZTERGOM
14155,4,ORSZEM-KOMAROM-ESZTERGOM
14252,121,ORSZEM-CSONGRAD-CSANAD
14313,92,ORSZEM-BORSOD-ABAUJ-ZEMPLEN
14340,2,ORSZEM-PEST
14401,80,ORSZEM-BORSOD-ABAUJ-ZEMPLEN
14456,130,ORSZEM-CSONGRAD-CSANAD
14456,147,ORSZEM-CSONGRAD-CSANAD
14474,98,ORSZEM-BORSOD-ABAUJ-ZEMPLEN
14492,92,ORSZEM-BORSOD-ABAUJ-ZEMPLEN
14526,102,ORSZEM-HEVES
14562,30,ORSZEM-SOMOGY
14571,120a,ORSZEM-PEST
14580,80,ORSZEM-HEVES
14614,100,ORSZEM-HAJDU-BIHAR
14623,60,ORSZEM-SOMOGY
14632,30,ORSZEM-SOMOGY
14632,36,ORSZEM-SOMOGY
14650,65,ORSZEM-BARANYA
14687,8,ORSZEM-GYOR-MOSON-SOPRON
14739,100c,ORSZEM-SZABOLCS-SZATMAR-BEREG
14827,20,ORSZEM-FEJER
14827,30,ORSZEM-FEJER
14827,44,ORSZEM-FEJER
14827,6,ORSZEM-FEJER
14836,120a,ORSZEM-JASZ-NAGYKUN-SZOLNOK
14845,110,ORSZEM-SZABOLCS-SZATMAR-BEREG
14872,84,ORSZEM-HEVES
14960,70,ORSZEM-PEST
14979,30,ORSZEM-ZALA
15033,8,ORSZEM-GYOR-MOSON-SOPRON
15097,23,ORSZEM-ZALA
15130,100,ORSZEM-HAJDU-BIHAR
15130,105,ORSZEM-HAJDU-BIHAR
15130,106,ORSZEM-HAJDU-BIHAR
15130,108,ORSZEM-HAJDU-BIHAR
15200,120,ORSZEM-BEKES
15200,135,ORSZEM-BEKES
15246,82,ORSZEM-JASZ-NAGYKUN-SZOLNOK
15255,4,ORSZEM-KOMAROM-ESZTERGOM
15291,120a,ORSZEM-JASZ-NAGYKUN-SZOLNOK
15291,82,ORSZEM-JASZ-NAGYKUN-SZOLNOK
15307,84,ORSZEM-HEVES
15334,16,ORSZEM-VAS
15343,8,ORSZEM-GYOR-MOSON-SOPRON
15343,9,ORSZEM-GYOR-MOSON-SOPRON
15352,4,ORSZEM-KOMAROM-ESZTERGOM
15361,20,ORSZEM-VESZPREM
15361,27,ORSZEM-VESZPREM
15422,8,ORSZEM-GYOR-MOSON-SOPRON
15431,140,ORSZEM-BACS-KISKUN
15459,40,ORSZEM-TOLNA
15501,16,ORSZEM-GYOR-MOSON-SOPRON
15565,29,ORSZEM-VESZPREM
15653,10,ORSZEM-GYOR-MOSON-SOPRON
15671,16,ORSZEM-VAS
15714,8,ORSZEM-GYOR-MOSON-SOPRON
15732,41,ORSZEM-SOMOGY
15741,108,ORSZEM-HAJDU-BIHAR
15796,80,ORSZEM-HEVES
15866,40,ORSZEM-BARANYA
15866,60,ORSZEM-BARANYA
15936,98,ORSZEM-BORSOD-ABAUJ-ZEMPLEN
16018,154,ORSZEM-BACS-KISKUN
16054,92,ORSZEM-BORSOD-ABAUJ-ZEMPLEN
16072,27,ORSZEM-VESZPREM
16072,29,ORSZEM-VESZPREM
16106,37,ORSZEM-SOMOGY
16142,10,ORSZEM-VESZPREM
16160,102,ORSZEM-HEVES
16188,77,ORSZEM-PEST
16188,80,ORSZEM-PEST
16197,125,ORSZEM-CSONGRAD-CSANAD
16203,100,ORSZEM-SZABOLCS-SZATMAR-BEREG
16203,111,ORSZEM-SZABOLCS-SZATMAR-BEREG
16434,125,ORSZEM-BEKES
16470,37,ORSZEM-SOMOGY
16753,94,ORSZEM-BORSOD-ABAUJ-ZEMPLEN
16799,94,ORSZEM-BORSOD-ABAUJ-ZEMPLEN
16832,18,ORSZEM-VAS
16878,78,ORSZEM-NOGRAD
16957,111,ORSZEM-SZABOLCS-SZATMAR-BEREG
17002,26,ORSZEM-ZALA
17020,25,ORSZEM-VAS
17127,41,ORSZEM-SOMOGY
17145,102,ORSZEM-JASZ-NAGYKUN-SZOLNOK
17154,29,ORSZEM-VESZPREM
17172,25,ORSZEM-VESZPREM
17206,100,ORSZEM-SZABOLCS-SZATMAR-BEREG
17206,100c,ORSZEM-SZABOLCS-SZATMAR-BEREG
17303,120a,ORSZEM-PEST
17312,40,ORSZEM-PEST
17312,40E,ORSZEM-PEST
17330,13,ORSZEM-KOMAROM-ESZTERGOM
17330,5,ORSZEM-KOMAROM-ESZTERGOM
17419,62,ORSZEM-BARANYA
17525,29,ORSZEM-FEJER
17534,85,ORSZEM-HEVES
17543,23,ORSZEM-ZALA
17552,42,ORSZEM-FEJER
17631,30,ORSZEM-SOMOGY
17631,35,ORSZEM-SOMOGY
17668,71,ORSZEM-PEST
17677,142,ORSZEM-BACS-KISKUN
17686,152,ORSZEM-BACS-KISKUN
17756,100,ORSZEM-SZABOLCS-SZATMAR-BEREG
17826,111,ORSZEM-SZABOLCS-SZATMAR-BEREG
17826,400,ORSZEM-SZABOLCS-SZATMAR-BEREG
17871,26,ORSZEM-VESZPREM
17905,1,ORSZEM-GYOR-MOSON-SOPRON
17923,149,ORSZEM-BACS-KISKUN
17932,98,ORSZEM-BORSOD-ABAUJ-ZEMPLEN
17941,38,ORSZEM-SOMOGY
17978,86,ORSZEM-JASZ-NAGYKUN-SZOLNOK
17987,87,ORSZEM-HEVES
18096,30,ORSZEM-ZALA
18102,125,ORSZEM-BEKES
18157,1,ORSZEM-KOMAROM-ESZTERGOM
18193,26,ORSZEM-VESZPREM
18209,82,ORSZEM-JASZ-NAGYKUN-SZOLNOK
18218,150,ORSZEM-BACS-KISKUN
18227,41,ORSZEM-SOMOGY
18236,60,ORSZEM-BARANYA
18245,80,ORSZEM-BORSOD-ABAUJ-ZEMPLEN
18254,5,ORSZEM-FEJER
18263,40,ORSZEM-TOLNA
18281,102,ORSZEM-HEVES
18306,100c,ORSZEM-BORSOD-ABAUJ-ZEMPLEN
18324,111,ORSZEM-SZABOLCS-SZATMAR-BEREG
18324,116,ORSZEM-SZABOLCS-SZATMAR-BEREG
18342,71,ORSZEM-PEST
18388,46,ORSZEM-TOLNA
18421,26,ORSZEM-ZALA
18485,5,ORSZEM-FEJER
18485,5b,ORSZEM-FEJER
18500,37,ORSZEM-SOMOGY
18546,37,ORSZEM-SOMOGY
18546,38,ORSZEM-SOMOGY
18546,41,ORSZEM-SOMOGY
18616,70,ORSZEM-PEST
18616,70AX,ORSZEM-PEST
18643,98,ORSZEM-BORSOD-ABAUJ-ZEMPLEN
18786,78,ORSZEM-NOGRAD
18801,94,ORSZEM-BORSOD-ABAUJ-ZEMPLEN
18874,110,ORSZEM-SZABOLCS-SZATMAR-BEREG
18962,40,ORSZEM-TOLNA
19044,81,ORSZEM-NOGRAD
19187,30,ORSZEM-ZALA
19202,40,ORSZEM-TOLNA
19239,1,ORSZEM-GYOR-MOSON-SOPRON
19257,128,ORSZEM-BEKES
19275,94,ORSZEM-BORSOD-ABAUJ-ZEMPLEN
19284,50,ORSZEM-TOLNA
19415,40,ORSZEM-BARANYA
19415,64,ORSZEM-BARANYA
19415,65,ORSZEM-BARANYA
19433,80,ORSZEM-BORSOD-ABAUJ-ZEMPLEN
19442,36,ORSZEM-SOMOGY
19503,80,ORSZEM-PEST
19549,1,ORSZEM-FEJER
19585,40,ORSZEM-TOLNA
19628,120,ORSZEM-BEKES
19673,15,ORSZEM-GYOR-MOSON-SOPRON
19716,140,ORSZEM-PEST
19770,36,ORSZEM-SOMOGY
19789,153,ORSZEM-BACS-KISKUN
19813,120,ORSZEM-JASZ-NAGYKUN-SZOLNOK
19886,71,ORSZEM-PEST
19901,62,ORSZEM-BARANYA
19947,151,ORSZEM-BACS-KISKUN
19956,101,ORSZEM-HAJDU-BIHAR
19965,84,ORSZEM-HEVES
19974,147,ORSZEM-CSONGRAD-CSANAD
19983,150,ORSZEM-BACS-KISKUN
19992,100,ORSZEM-SZABOLCS-SZATMAR-BEREG
20066,140,ORSZEM-PEST
20075,84,ORSZEM-NOGRAD
20127,1,ORSZEM-KOMAROM-ESZTERGOM
20172,100,ORSZEM-SZABOLCS-SZATMAR-BEREG
20172,400,ORSZEM-SZABOLCS-SZATMAR-BEREG
20206,44,ORSZEM-FEJER
20297,140,ORSZEM-BACS-KISKUN
20297,146,ORSZEM-BACS-KISKUN
20297,147,ORSZEM-BACS-KISKUN
20297,155,ORSZEM-BACS-KISKUN
20303,116,ORSZEM-SZABOLCS-SZATMAR-BEREG
20358,42,ORSZEM-FEJER
20400,10,ORSZEM-GYOR-MOSON-SOPRON
20428,146,ORSZEM-JASZ-NAGYKUN-SZOLNOK
20473,35,ORSZEM-SOMOGY
20473,36,ORSZEM-SOMOGY
20473,41,ORSZEM-SOMOGY
20491,87,ORSZEM-HEVES
20507,40,ORSZEM-TOLNA
20534,150,ORSZEM-PEST
20604,8,ORSZEM-GYOR-MOSON-SOPRON
20640,100,ORSZEM-PEST
20659,65,ORSZEM-BARANYA
20701,50,ORSZEM-TOLNA
20729,30,ORSZEM-SOMOGY
20747,84,ORSZEM-HEVES
20783,40,ORSZEM-TOLNA
20914,125,ORSZEM-CSONGRAD-CSANAD
20996,25,ORSZEM-VAS
21050,25,ORSZEM-ZALA
21069,151,ORSZEM-BACS-KISKUN
21096,65,ORSZEM-BARANYA
21111,86,ORSZEM-JASZ-NAGYKUN-SZOLNOK
21148,151,ORSZEM-BACS-KISKUN
21175,29,ORSZEM-VESZPREM
21209,120,ORSZEM-BEKES
21306,20,ORSZEM-VAS
21315,41,ORSZEM-SOMOGY
21324,30,ORSZEM-SOMOGY
21351,90,ORSZEM-BORSOD-ABAUJ-ZEMPLEN
21388,78,ORSZEM-PEST
21449,41,ORSZEM-SOMOGY
21485,111,ORSZEM-SZABOLCS-SZATMAR-BEREG
21494,146,ORSZEM-JASZ-NAGYKUN-SZOLNOK
21555,130,ORSZEM-CSONGRAD-CSANAD
21713,120a,ORSZEM-PEST
21740,100c,ORSZEM-BORSOD-ABAUJ-ZEMPLEN
21874,2,ORSZEM-KOMAROM-ESZTERGOM
21883,128,ORSZEM-BEKES
21908,5,ORSZEM-FEJER
21926,30,ORSZEM-FEJER
21953,92,ORSZEM-BORSOD-ABAUJ-ZEMPLEN
21999,152,ORSZEM-BACS-KISKUN
22105,86,ORSZEM-JASZ-NAGYKUN-SZOLNOK
22196,108,ORSZEM-HEVES
22202,86,ORSZEM-JASZ-NAGYKUN-SZOLNOK
22220,14,ORSZEM-VESZPREM
22284,116,ORSZEM-SZABOLCS-SZATMAR-BEREG
22309,262e,ORSZEM-HEVES
22309,80,ORSZEM-HEVES
22309,81,ORSZEM-HEVES
22327,29,ORSZEM-VESZPREM
22406,109,ORSZEM-HAJDU-BIHAR
22415,100,ORSZEM-SZABOLCS-SZATMAR-BEREG
22415,284,ORSZEM-SZABOLCS-SZATMAR-BEREG
22558,90,ORSZEM-BORSOD-ABAUJ-ZEMPLEN
22567,102,ORSZEM-JASZ-NAGYKUN-SZOLNOK
22600,47,ORSZEM-BARANYA
22673,35,ORSZEM-SOMOGY
22691,11,ORSZEM-GYOR-MOSON-SOPRON
22691,13,ORSZEM-GYOR-MOSON-SOPRON
22761,46,ORSZEM-TOLNA
22789,103,ORSZEM-JASZ-NAGYKUN-SZOLNOK
22798,86,ORSZEM-JASZ-NAGYKUN-SZOLNOK
22822,30,ORSZEM-SOMOGY
22831,8,ORSZEM-GYOR-MOSON-SOPRON
23010,25,ORSZEM-VESZPREM
23010,26,ORSZEM-VESZPREM
23056,145,ORSZEM-BACS-KISKUN
23065,125,ORSZEM-BEKES
23065,135,ORSZEM-BEKES
23065,147,ORSZEM-BEKES
23092,35,ORSZEM-SOMOGY
23108,25,ORSZEM-VAS
23162,40,ORSZEM-BARANYA
23171,103,ORSZEM-JASZ-NAGYKUN-SZOLNOK
23214,100,ORSZEM-HAJDU-BIHAR
23241,80,ORSZEM-HEVES
23269,110,ORSZEM-SZABOLCS-SZATMAR-BEREG
23278,1,ORSZEM-PEST
23296,41,ORSZEM-TOLNA
23302,26,ORSZEM-ZALA
23339,82,ORSZEM-JASZ-NAGYKUN-SZOLNOK
23524,117,ORSZEM-SZABOLCS-SZATMAR-BEREG
23560,10,ORSZEM-VESZPREM
23603,40E,ORSZEM-FEJER
23630,35,ORSZEM-SOMOGY
23649,70,ORSZEM-PEST
23658,20,ORSZEM-VESZPREM
23676,140,ORSZEM-CSONGRAD-CSANAD
23694,40,ORSZEM-FEJER
23861,21,ORSZEM-VAS
23870,125,ORSZEM-BEKES
23931,128,ORSZEM-BEKES
23940,128,ORSZEM-HAJDU-BIHAR
23959,65,ORSZEM-BARANYA
23986,75,ORSZEM-NOGRAD
24077,121,ORSZEM-CSONGRAD-CSANAD
24147,84,ORSZEM-HEVES
24192,46,ORSZEM-TOLNA
24235,102,ORSZEM-HEVES
24271,25,ORSZEM-ZALA
24305,11,ORSZEM-GYOR-MOSON-SOPRON
24396,149,ORSZEM-BACS-KISKUN
24396,155,ORSZEM-BACS-KISKUN
24493,35,ORSZEM-SOMOGY
24518,120a,ORSZEM-PEST
24545,146,ORSZEM-BACS-KISKUN
24651,10,ORSZEM-VESZPREM
24721,14,ORSZEM-GYOR-MOSON-SOPRON
24828,128,ORSZEM-HAJDU-BIHAR
24907,30,ORSZEM-SOMOGY
24916,70,ORSZEM-PEST
24934,70,ORSZEM-PEST
24934,71,ORSZEM-PEST
24934,75,ORSZEM-PEST
24970,90,ORSZEM-BORSOD-ABAUJ-ZEMPLEN
24989,46,ORSZEM-TOLNA
25016,30,ORSZEM-FEJER
25061,150,ORSZEM-BACS-KISKUN
25131,2,ORSZEM-KOMAROM-ESZTERGOM
25140,40,ORSZEM-FEJER
25168,128,ORSZEM-BEKES
25177,66,ORSZEM-BARANYA
25210,30,ORSZEM-ZALA
25229,5,ORSZEM-KOMAROM-ESZTERGOM
25326,80,ORSZEM-BORSOD-ABAUJ-ZEMPLEN
25335,8,ORSZEM-GYOR-MOSON-SOPRON
25353,25,ORSZEM-ZALA
25450,20,ORSZEM-VESZPREM
25487,2,ORSZEM-KOMAROM-ESZTERGOM
25502,120,ORSZEM-BEKES
25584,1,ORSZEM-GYOR-MOSON-SOPRON
25584,8,ORSZEM-GYOR-MOSON-SOPRON
25593,26,ORSZEM-VESZPREM
25618,90,ORSZEM-BORSOD-ABAUJ-ZEMPLEN
25627,142,ORSZEM-PEST
25654,20,ORSZEM-VESZPREM
25663,78,ORSZEM-NOGRAD
25715,5,ORSZEM-FEJER
25724,15,ORSZEM-GYOR-MOSON-SOPRON
25733,130,ORSZEM-CSONGRAD-CSANAD
25788,81,ORSZEM-NOGRAD
25788,81M,ORSZEM-NOGRAD
25849,25,ORSZEM-VESZPREM
25867,41,ORSZEM-SOMOGY
25919,100,ORSZEM-JASZ-NAGYKUN-SZOLNOK
25937,150,ORSZEM-BACS-KISKUN
25946,21,ORSZEM-VAS
25973,110,ORSZEM-SZABOLCS-SZATMAR-BEREG
26116,101,ORSZEM-HAJDU-BIHAR
26143,20,ORSZEM-VAS
26365,110,ORSZEM-SZABOLCS-SZATMAR-BEREG
26383,147,ORSZEM-BACS-KISKUN
26392,36,ORSZEM-SOMOGY
26408,47,ORSZEM-BARANYA
26426,20,ORSZEM-VAS
26499,11,ORSZEM-VESZPREM
26499,11a,ORSZEM-VESZPREM
26532,37,ORSZEM-SOMOGY
26569,20,ORSZEM-VESZPREM
26578,60,ORSZEM-BARANYA
26587,1,ORSZEM-GYOR-MOSON-SOPRON
26611,100,ORSZEM-SZABOLCS-SZATMAR-BEREG
26648,10,ORSZEM-VESZPREM
26666,121,ORSZEM-CSONGRAD-CSANAD
26675,36,ORSZEM-SOMOGY
26684,140,ORSZEM-BACS-KISKUN
26684,142,ORSZEM-BACS-KISKUN
26684,145,ORSZEM-BACS-KISKUN
26693,101,ORSZEM-HAJDU-BIHAR
26709,135,ORSZEM-BEKES
26718,98,ORSZEM-BORSOD-ABAUJ-ZEMPLEN
26772,16,ORSZEM-VAS
26781,36,ORSZEM-SOMOGY
26815,100,ORSZEM-PEST
26824,43,ORSZEM-FEJER
26949,92,ORSZEM-BORSOD-ABAUJ-ZEMPLEN
27094,10,ORSZEM-VAS
27094,20,ORSZEM-VAS
27128,77,ORSZEM-PEST
27146,100,ORSZEM-SZABOLCS-SZATMAR-BEREG
27146,284,ORSZEM-SZABOLCS-SZATMAR-BEREG
27146,400,ORSZEM-SZABOLCS-SZATMAR-BEREG
27164,60,ORSZEM-BARANYA
27191,90,ORSZEM-BORSOD-ABAUJ-ZEMPLEN
27207,26,ORSZEM-VESZPREM
27313,100,ORSZEM-JASZ-NAGYKUN-SZOLNOK
27331,92,ORSZEM-BORSOD-ABAUJ-ZEMPLEN
27340,74,ORSZEM-NOGRAD
27340,78,ORSZEM-NOGRAD
27377,30,ORSZEM-SOMOGY
27410,92,ORSZEM-BORSOD-ABAUJ-ZEMPLEN
27456,94,ORSZEM-BORSOD-ABAUJ-ZEMPLEN
27474,80,ORSZEM-BORSOD-ABAUJ-ZEMPLEN
27571,150,ORSZEM-BACS-KISKUN
27580,84,ORSZEM-NOGRAD
27669,92,ORSZEM-BORSOD-ABAUJ-ZEMPLEN
27696,87,ORSZEM-HEVES
27854,100,ORSZEM-JASZ-NAGYKUN-SZOLNOK
27854,120a,ORSZEM-JASZ-NAGYKUN-SZOLNOK
27872,100,ORSZEM-PEST
27906,121,ORSZEM-BEKES
27915,78,ORSZEM-NOGRAD
27924,111,ORSZEM-SZABOLCS-SZATMAR-BEREG
27942,90,ORSZEM-BORSOD-ABAUJ-ZEMPLEN
28024,65,ORSZEM-BARANYA
28024,66,ORSZEM-BARANYA
28149,16,ORSZEM-GYOR-MOSON-SOPRON
28158,150,ORSZEM-BACS-KISKUN
28316,35,ORSZEM-SOMOGY
28334,8,ORSZEM-GYOR-MOSON-SOPRON
28352,89,ORSZEM-BORSOD-ABAUJ-ZEMPLEN
28398,80,ORSZEM-BORSOD-ABAUJ-ZEMPLEN
28431,100,ORSZEM-SZABOLCS-SZATMAR-BEREG
28440,110,ORSZEM-SZABOLCS-SZATMAR-BEREG
28486,150,ORSZEM-BACS-KISKUN
28538,62,ORSZEM-BARANYA
28565,135,ORSZEM-BEKES
28583,65,ORSZEM-BARANYA
28653,120a,ORSZEM-PEST
28662,40,ORSZEM-TOLNA
28705,29,ORSZEM-FEJER
28705,30,ORSZEM-FEJER
28714,35,ORSZEM-SOMOGY
28741,61,ORSZEM-BARANYA
28741,62,ORSZEM-BARANYA
28802,100,ORSZEM-SZABOLCS-SZATMAR-BEREG
28857,41,ORSZEM-SOMOGY
28936,11,ORSZEM-GYOR-MOSON-SOPRON
28963,36,ORSZEM-SOMOGY
29018,40,ORSZEM-FEJER
29018,42,ORSZEM-FEJER
29018,44,ORSZEM-FEJER
29027,154,ORSZEM-BACS-KISKUN
29115,151,ORSZEM-BACS-KISKUN
29179,130,ORSZEM-CSONGRAD-CSANAD
29203,20,ORSZEM-VAS
29203,25,ORSZEM-VAS
29221,16,ORSZEM-GYOR-MOSON-SOPRON
29319,75,ORSZEM-NOGRAD
29434,26,ORSZEM-VESZPREM
29434,29,ORSZEM-VESZPREM
29498,111,ORSZEM-NOGRAD
29522,60,ORSZEM-BARANYA
29531,128,ORSZEM-BEKES
29647,150,ORSZEM-PEST
29726,103,ORSZEM-JASZ-NAGYKUN-SZOLNOK
29726,108,ORSZEM-JASZ-NAGYKUN-SZOLNOK
29735,120a,ORSZEM-PEST
29762,30,ORSZEM-BARANYA
29780,60,ORSZEM-SOMOGY
29805,1,ORSZEM-GYOR-MOSON-SOPRON
29869,25,ORSZEM-VAS
29896,16,ORSZEM-VAS
29896,20,ORSZEM-VAS
29939,306,ORSZEM-FEJER
30094,50,ORSZEM-TOLNA
30100,81,ORSZEM-NOGRAD
30119,60,ORSZEM-SOMOGY
30128,121,ORSZEM-BEKES
30182,20,ORSZEM-VESZPREM
30313,25,ORSZEM-ZALA
30322,121,ORSZEM-BEKES
30340,89,ORSZEM-BORSOD-ABAUJ-ZEMPLEN
30368,25,ORSZEM-ZALA
30401,81,ORSZEM-HEVES
30474,60,ORSZEM-SOMOGY
30526,29,ORSZEM-VESZPREM
30553,12,ORSZEM-KOMAROM-ESZTERGOM
30553,13,ORSZEM-KOMAROM-ESZTERGOM
30623,145,ORSZEM-BACS-KISKUN
30641,114,ORSZEM-SZABOLCS-SZATMAR-BEREG
30720,150,ORSZEM-PEST
30739,80,ORSZEM-BORSOD-ABAUJ-ZEMPLEN
30739,98,ORSZEM-BORSOD-ABAUJ-ZEMPLEN
30766,12,ORSZEM-KOMAROM-ESZTERGOM
30784,80,ORSZEM-BORSOD-ABAUJ-ZEMPLEN
30881,16,ORSZEM-VAS
30933,30,ORSZEM-ZALA
30960,41,ORSZEM-SOMOGY
30960,60,ORSZEM-SOMOGY
30988,40,ORSZEM-PEST
31024,140,ORSZEM-CSONGRAD-CSANAD
31033,101,ORSZEM-HAJDU-BIHAR
31051,16,ORSZEM-VAS
31097,110,ORSZEM-HAJDU-BIHAR
31158,110,ORSZEM-SZABOLCS-SZATMAR-BEREG
31194,15,ORSZEM-GYOR-MOSON-SOPRON
31219,35,ORSZEM-SOMOGY
31228,121,ORSZEM-BEKES
31264,1,ORSZEM-KOMAROM-ESZTERGOM
31325,120,ORSZEM-BEKES
31334,125,ORSZEM-BEKES
31352,60,ORSZEM-SOMOGY
31501,42,ORSZEM-TOLNA
31565,87,ORSZEM-HEVES
31583,21,ORSZEM-VAS
31592,23,ORSZEM-ZALA
31653,100,ORSZEM-PEST
31662,108,ORSZEM-HEVES
31732,70,ORSZEM-PEST
31769,114,ORSZEM-SZABOLCS-SZATMAR-BEREG
31796,120a,ORSZEM-PEST
31866,145,ORSZEM-JASZ-NAGYKUN-SZOLNOK
31893,140,ORSZEM-BACS-KISKUN
31945,10,ORSZEM-VESZPREM
31945,13L,ORSZEM-VESZPREM
31945,14,ORSZEM-VESZPREM
32009,60,ORSZEM-BARANYA
32054,23,ORSZEM-ZALA
32054,25,ORSZEM-ZALA
32115,41,ORSZEM-SOMOGY
32160,40,ORSZEM-BARANYA
32188,16,ORSZEM-VAS
32203,5,ORSZEM-FEJER
32212,20,ORSZEM-VESZPREM
32276,20,ORSZEM-VESZPREM
32285,140,ORSZEM-CSONGRAD-CSANAD
32294,105,ORSZEM-HAJDU-BIHAR
32300,78,ORSZEM-NOGRAD
32337,41,ORSZEM-SOMOGY
32346,1,ORSZEM-KOMAROM-ESZTERGOM
32346,4,ORSZEM-KOMAROM-ESZTERGOM
32364,40,ORSZEM-FEJER
32407,78,ORSZEM-NOGRAD
32434,150,ORSZEM-BACS-KISKUN
32434,155,ORSZEM-BACS-KISKUN
32489,130,ORSZEM-CSONGRAD-CSANAD
32504,130,ORSZEM-JASZ-NAGYKUN-SZOLNOK
32522,24,ORSZEM-ZALA
32559,80,ORSZEM-PEST
32595,16,ORSZEM-GYOR-MOSON-SOPRON
32610,71,ORSZEM-PEST
32629,20,ORSZEM-VAS
32735,41,ORSZEM-TOLNA
32799,60,ORSZEM-SOMOGY
32823,149,ORSZEM-BACS-KISKUN
32850,50,ORSZEM-TOLNA
32896,81,ORSZEM-NOGRAD
33002,47,ORSZEM-BARANYA
33118,71,ORSZEM-PEST
33136,25,ORSZEM-ZALA
33154,65,ORSZEM-BARANYA
33260,87,ORSZEM-HEVES
33349,50,ORSZEM-TOLNA
33367,135,ORSZEM-CSONGRAD-CSANAD
33367,140,ORSZEM-CSONGRAD-CSANAD
33394,35,ORSZEM-SOMOGY
33419,94,ORSZEM-BORSOD-ABAUJ-ZEMPLEN
33428,87,ORSZEM-ZALA
33437,128,ORSZEM-HAJDU-BIHAR
33491,1,ORSZEM-KOMAROM-ESZTERGOM
33543,1,ORSZEM-GYOR-MOSON-SOPRON
33552,1,ORSZEM-PEST
33570,154,ORSZEM-TOLNA
33598,142,ORSZEM-BACS-KISKUN
33729,70,ORSZEM-PEST
33738,70,ORSZEM-PEST
33765,50,ORSZEM-BARANYA
33774,111,ORSZEM-SZABOLCS-SZATMAR-BEREG
33817,80,ORSZEM-BORSOD-ABAUJ-ZEMPLEN
33826,4,ORSZEM-KOMAROM-ESZTERGOM
33835,4,ORSZEM-KOMAROM-ESZTERGOM
33844,29,ORSZEM-VESZPREM
33853,30,ORSZEM-SOMOGY
33862,30,ORSZEM-SOMOGY
33905,60,ORSZEM-BARANYA
33914,11,ORSZEM-GYOR-MOSON-SOPRON
33941,11,ORSZEM-VESZPREM
33996,8,ORSZEM-GYOR-MOSON-SOPRON
34005,103,ORSZEM-JASZ-NAGYKUN-SZOLNOK
34087,15,ORSZEM-VAS
34102,100,ORSZEM-HAJDU-BIHAR
34111,80,ORSZEM-BORSOD-ABAUJ-ZEMPLEN
34148,2,ORSZEM-PEST
34209,42,ORSZEM-FEJER
34218,26,ORSZEM-VESZPREM
34218,353,ORSZEM-VESZPREM
34236,30,ORSZEM-SOMOGY
34245,135,ORSZEM-CSONGRAD-CSANAD
34254,20,ORSZEM-VESZPREM
34263,44,ORSZEM-FEJER
34290,92,ORSZEM-BORSOD-ABAUJ-ZEMPLEN
34333,71,ORSZEM-PEST
34388,109,ORSZEM-SZABOLCS-SZATMAR-BEREG
34397,100,ORSZEM-PEST
34421,29,ORSZEM-VESZPREM
