candidate_id,osm_id,osm_name,normalized_name,reason,candidate_ksh_code,candidate_line_codes,service_tags,usage_tags,distance_m
osm:n10010044998,n10010044998,Istvántelek,Istvántelek,NO_UNIQUE_KSH_NAME,,,,,
osm:n10021930171,n10021930171,Fehértó felső,Fehértó felső,NO_UNIQUE_KSH_NAME,,,,,
osm:n10021930172,n10021930172,Törökfái felső,Törökfái felső,NO_UNIQUE_KSH_NAME,,,,,
osm:n10143234154,n10143234154,Godóvár,Godóvár,NO_UNIQUE_KSH_NAME,,,,,
osm:n10143234155,n10143234155,Kőrózsa,Kőrózsa,NO_UNIQUE_KSH_NAME,,,,,
osm:n10143234156,n10143234156,Csarnapuszta,Csarnapuszta,NO_UNIQUE_KSH_NAME,,,,,
osm:n10143234157,n10143234157,Kemence,Kemence,NO_REFERENCED_LINE_WITHIN_LIMIT,22345,,,,
osm:n10143234158,n10143234158,Feketevölgy kitérő,Feketevölgy kitérő,NO_UNIQUE_KSH_NAME,,,,,
osm:n10159959223,n10159959223,Felsőgöd,Felsőgöd,NO_UNIQUE_KSH_NAME,,,,,
osm:n10160028431,n10160028431,Rákospalota-Kertváros,Rákospalota-Kertváros,NO_UNIQUE_KSH_NAME,,,,,
osm:n10160028432,n10160028432,Alagimajor,Alagimajor,NO_UNIQUE_KSH_NAME,,,,,
osm:n10160028433,n10160028433,Fótújfalu,Fótújfalu,NO_UNIQUE_KSH_NAME,,,,,
osm:n10160028434,n10160028434,Ivacs,Ivacs,NO_UNIQUE_KSH_NAME,,,,,
osm:n10160028435,n10160028435,Fótfürdő,Fótfürdő,NO_UNIQUE_KSH_NAME,,,,,
osm:n10160028436,n10160028436,Szob alsó,Szob alsó,NO_UNIQUE_KSH_NAME,,,,,
osm:n10167117356,n10167117356,Szentmihálytelek,Szentmihálytelek,NO_UNIQUE_KSH_NAME,,,,,
osm:n10218098413,n10218098413,Portelek,Portelek,NO_UNIQUE_KSH_NAME,,,,,
osm:n10218161654,n10218161654,Meggyespele,Meggyespele,NO_UNIQUE_KSH_NAME,,,,,
osm:n10223546795,n10223546795,Kondoroskert,Kondoroskert,NO_UNIQUE_KSH_NAME,,,,,
osm:n10223546798,n10223546798,Haláp,Haláp,NO_UNIQUE_KSH_NAME,,,,,
osm:n10223546805,n10223546805,Balatonfenyves alsó,Balatonfenyves alsó,NO_UNIQUE_KSH_NAME,,,,,
osm:n10223586985,n10223586985,Vecsés-Kertekalja,Vecsés-Kertekalja,NO_UNIQUE_KSH_NAME,,,,,
osm:n10223586991,n10223586991,Nagynyír,Nagynyír,NO_UNIQUE_KSH_NAME,,,,,
osm:n10223586995,n10223586995,Alsóbélatelep,Alsóbélatelep,NO_UNIQUE_KSH_NAME,,,,,
osm:n10223587004,n10223587004,Fenyveshegy,Fenyveshegy,NO_UNIQUE_KSH_NAME,,,,,
osm:n10223587007,n10223587007,Hajdúnánás-Vásártér,Hajdúnánás-Vásártér,NO_UNIQUE_KSH_NAME,,,,,
osm:n10223587012,n10223587012,Méntelek,Méntelek,NO_UNIQUE_KSH_NAME,,,,,
osm:n10223953746,n10223953746,Kecskemét-Máriaváros,Kecskemét-Máriaváros,NO_UNIQUE_KSH_NAME,,,,,
osm:n10223953766,n10223953766,Bánhalma-Halastó,Bánhalma-Halastó,NO_UNIQUE_KSH_NAME,,,,,
osm:n10223953783,n10223953783,Katonatelep,Katonatelep,NO_UNIQUE_KSH_NAME,,,,,
osm:n10223992084,n10223992084,Lajosmizse alsó,Lajosmizse alsó,NO_UNIQUE_KSH_NAME,,,,,
osm:n10223992085,n10223992085,Drégelyvár,Drégelyvár,NO_UNIQUE_KSH_NAME,,,,,
osm:n10224033980,n10224033980,Dunaharaszti alsó,Dunaharaszti alsó,NO_UNIQUE_KSH_NAME,,,,,
osm:n10224033983,n10224033983,Klábertelep,Klábertelep,NO_UNIQUE_KSH_NAME,,,,,
osm:n10224100927,n10224100927,Miklóstelep,Miklóstelep,NO_UNIQUE_KSH_NAME,,,,,
osm:n10224100935,n10224100935,Selymes,Selymes,NO_UNIQUE_KSH_NAME,,,,,
osm:n10224100946,n10224100946,Bélatelep,Bélatelep,NO_UNIQUE_KSH_NAME,,,,,
osm:n10224100955,n10224100955,Kisvác,Kisvác,NO_UNIQUE_KSH_NAME,,,,,
osm:n10224157296,n10224157296,Úrihegy,Úrihegy,NO_UNIQUE_KSH_NAME,,,,,
osm:n10224157315,n10224157315,Szentannapuszta,Szentannapuszta,NO_UNIQUE_KSH_NAME,,,,,
osm:n10224199511,n10224199511,Seregélyes-Szőlőhegy,Seregélyes-Szőlőhegy,NO_UNIQUE_KSH_NAME,,,,,
osm:n10225069407,n10225069407,Kisköre-Tiszahíd,Kisköre-Tiszahíd,NO_UNIQUE_KSH_NAME,,,,,
osm:n10225069410,n10225069410,Rákoskert,Rákoskert,NO_UNIQUE_KSH_NAME,,,,,
osm:n10225069412,n10225069412,Maglódi nyaraló,Maglódi nyaraló,NO_UNIQUE_KSH_NAME,,,,,
osm:n10225069413,n10225069413,Máriaudvar,Máriaudvar,NO_UNIQUE_KSH_NAME,,,,,
osm:n10225069414,n10225069414,Pusztaszentistván,Pusztaszentistván,NO_UNIQUE_KSH_NAME,,,,,
osm:n10225069415,n10225069415,Szőlősnyaraló,Szőlősnyaraló,NO_UNIQUE_KSH_NAME,,,,,
osm:n10225137883,n10225137883,Pusztakettős,Pusztakettős,NO_UNIQUE_KSH_NAME,,,,,
osm:n10225137896,n10225137896,Felsőméntelek,Felsőméntelek,NO_UNIQUE_KSH_NAME,,,,,
osm:n10236399595,n10236399595,Konyári Sóstófürdő,Konyári Sóstófürdő,NO_UNIQUE_KSH_NAME,,,,,
osm:n10302797979,n10302797979,Paks-Dunapart,Paks-Dunapart,NO_UNIQUE_KSH_NAME,,,,,
osm:n10578407347,n10578407347,Szentkozma,Szentkozma,NO_UNIQUE_KSH_NAME,,,,,
osm:n10582200802,n10582200802,Vadmegfigyelő,Vadmegfigyelő,NO_UNIQUE_KSH_NAME,,,,,
osm:n1060125447,n1060125447,Egyházerdő,Egyházerdő,NO_UNIQUE_KSH_NAME,,,,,
osm:n1060125451,n1060125451,Zelemér,Zelemér,NO_UNIQUE_KSH_NAME,,,,,
osm:n1060125493,n1060125493,Tedej,Tedej,NO_UNIQUE_KSH_NAME,,,,,
osm:n1060125602,n1060125602,Bashalom,Bashalom,NO_UNIQUE_KSH_NAME,,,,,
osm:n1060125615,n1060125615,Kisfástanya,Kisfástanya,NO_UNIQUE_KSH_NAME,,,,,
osm:n1060125632,n1060125632,Szikszó-Vásártér,Szikszó-Vásártér,NO_UNIQUE_KSH_NAME,,,,,
osm:n1061100137,n1061100137,Halászlak,Halászlak,NO_UNIQUE_KSH_NAME,,,,,
osm:n1061100149,n1061100149,Pusztabánréve,Pusztabánréve,NO_UNIQUE_KSH_NAME,,,,,
osm:n1063783373,n1063783373,Okorág-Kárászpuszta,Okorág-Kárászpuszta,NO_UNIQUE_KSH_NAME,,,,,
osm:n1063783427,n1063783427,Gencsapáti felső,Gencsapáti felső,NO_UNIQUE_KSH_NAME,,,,,
osm:n1063783431,n1063783431,Püspökladány-Vásártér,Püspökladány-Vásártér,NO_UNIQUE_KSH_NAME,,,,,
osm:n1063783451,n1063783451,Olaszliszka-Tolcsva,Olaszliszka-Tolcsva,NO_UNIQUE_KSH_NAME,,,,,
osm:n1063783503,n1063783503,Rétszilas alsó,Rétszilas alsó,NO_UNIQUE_KSH_NAME,,,,,
osm:n1063783575,n1063783575,Pirtói-szőlők,Pirtói-szőlők,NO_UNIQUE_KSH_NAME,,,,,
osm:n1065129323,n1065129323,Újbög,Újbög,NO_UNIQUE_KSH_NAME,,,,,
osm:n1065129335,n1065129335,Vilmaszállás,Vilmaszállás,NO_UNIQUE_KSH_NAME,,,,,
osm:n1065129341,n1065129341,Kettőshalom,Kettőshalom,NO_UNIQUE_KSH_NAME,,,,,
osm:n1065129361,n1065129361,Kámon,Kámon,NO_UNIQUE_KSH_NAME,,,,,
osm:n1065129382,n1065129382,Alsóúrrét,Alsóúrrét,NO_UNIQUE_KSH_NAME,,,,,
osm:n1065129402,n1065129402,Dónát,Dónát,NO_UNIQUE_KSH_NAME,,,,,
osm:n1065129415,n1065129415,Fürjes,Fürjes,NO_UNIQUE_KSH_NAME,,,,,
osm:n1065129433,n1065129433,Nyárjas,Nyárjas,NO_UNIQUE_KSH_NAME,,,,,
osm:n1065129454,n1065129454,Sarkadi Cukorgyár,Sarkadi Cukorgyár,NO_UNIQUE_KSH_NAME,,,,,
osm:n1065129456,n1065129456,Oros,Oros,NO_UNIQUE_KSH_NAME,,,,,
osm:n1065129463,n1065129463,Borsihalom,Borsihalom,NO_UNIQUE_KSH_NAME,,,,,
osm:n1065129490,n1065129490,Nyárlőrinci szőlők,Nyárlőrinci szőlők,NO_UNIQUE_KSH_NAME,,,,,
osm:n1065129504,n1065129504,Rákóczitanya,Rákóczitanya,NO_UNIQUE_KSH_NAME,,,,,
osm:n1065129508,n1065129508,Gödöllő-Állami telepek,Gödöllő-Állami telepek,NO_UNIQUE_KSH_NAME,,,,,
osm:n1065129535,n1065129535,Kungyalu,Kungyalu,NO_UNIQUE_KSH_NAME,,,,,
osm:n1065129577,n1065129577,Nyíregyháza külső,Nyíregyháza külső,NO_UNIQUE_KSH_NAME,,,,,
osm:n1065129579,n1065129579,Máriapócs,Máriapócs,NO_REFERENCED_LINE_WITHIN_LIMIT,19655,,,,
osm:n1065129589,n1065129589,Petőfiszállási tanyák,Petőfiszállási tanyák,NO_UNIQUE_KSH_NAME,,,,,
osm:n1065129590,n1065129590,Vaja-Rohod,Vaja-Rohod,NO_UNIQUE_KSH_NAME,,,,,
osm:n1065129602,n1065129602,Ják-Balogunyom,Ják-Balogunyom,NO_UNIQUE_KSH_NAME,,,,,
osm:n1065129606,n1065129606,Bagimajor,Bagimajor,NO_UNIQUE_KSH_NAME,,,,,
osm:n1065129615,n1065129615,Lentiszombathely,Lentiszombathely,NO_UNIQUE_KSH_NAME,,,,,
osm:n1065129620,n1065129620,Tiszajenő alsó,Tiszajenő alsó,NO_UNIQUE_KSH_NAME,,,,,
osm:n1065129623,n1065129623,Csoma-Szabadi,Csoma-Szabadi,NO_UNIQUE_KSH_NAME,,,,,
osm:n1065129633,n1065129633,Orosháza-Üveggyár,Orosháza-Üveggyár,NO_UNIQUE_KSH_NAME,,,,,
osm:n1065129651,n1065129651,Nagyhát,Nagyhát,NO_UNIQUE_KSH_NAME,,,,,
osm:n1065129915,n1065129915,Gyón,Gyón,NO_UNIQUE_KSH_NAME,,,,,
osm:n1065129931,n1065129931,Orosházi tanyák,Orosházi tanyák,NO_UNIQUE_KSH_NAME,,,,,
osm:n1065129940,n1065129940,Tamásipuszta,Tamásipuszta,NO_UNIQUE_KSH_NAME,,,,,
osm:n1065129955,n1065129955,Somogyszentpál,Somogyszentpál,NO_REFERENCED_LINE_WITHIN_LIMIT,06600,,,,
osm:n1065129956,n1065129956,Levelek-Magy,Levelek-Magy,NO_UNIQUE_KSH_NAME,,,,,
osm:n1065129964,n1065129964,Hékéd,Hékéd,NO_UNIQUE_KSH_NAME,,,,,
osm:n1065129970,n1065129970,Zalacséb-Salomvár,Zalacséb-Salomvár,NO_UNIQUE_KSH_NAME,,,,,
osm:n1065129984,n1065129984,Eperjeske alsó,Eperjeske alsó,NO_UNIQUE_KSH_NAME,,,,,
osm:n1065130009,n1065130009,Kistőke,Kistőke,NO_UNIQUE_KSH_NAME,,,,,
osm:n1065130015,n1065130015,Budafa,Budafa,NO_UNIQUE_KSH_NAME,,,,,
osm:n1065130020,n1065130020,Tisztavíz,Tisztavíz,NO_UNIQUE_KSH_NAME,,,,,
osm:n1065130023,n1065130023,Pálmajor,Pálmajor,NO_REFERENCED_LINE_WITHIN_LIMIT,34041,,,,
osm:n1065130025,n1065130025,Horvátnádalja,Horvátnádalja,NO_UNIQUE_KSH_NAME,,,,,
osm:n1065130036,n1065130036,Tiszajenő-Vezseny,Tiszajenő-Vezseny,NO_UNIQUE_KSH_NAME,,,,,
osm:n1065130049,n1065130049,Kismindszenti út,Kismindszenti út,NO_UNIQUE_KSH_NAME,,,,,
osm:n1065130073,n1065130073,Óbög,Óbög,NO_UNIQUE_KSH_NAME,,,,,
osm:n1065130077,n1065130077,Somogyszentpál felső,Somogyszentpál felső,NO_UNIQUE_KSH_NAME,,,,,
osm:n1065130081,n1065130081,Pusztaberény,Pusztaberény,NO_UNIQUE_KSH_NAME,,,,,
osm:n1065130090,n1065130090,Ceglédbercel-Cserő,Ceglédbercel-Cserő,NO_UNIQUE_KSH_NAME,,,,,
osm:n1065130099,n1065130099,Csisztafürdő,Csisztafürdő,NO_UNIQUE_KSH_NAME,,,,,
osm:n1065130111,n1065130111,Szany-Rábaszentandrás,Szany-Rábaszentandrás,NO_UNIQUE_KSH_NAME,,,,,
osm:n1065130118,n1065130118,Nyárlőrinc alsó,Nyárlőrinc alsó,NO_UNIQUE_KSH_NAME,,,,,
osm:n1065130125,n1065130125,Tompapuszta,Tompapuszta,NO_UNIQUE_KSH_NAME,,,,,
osm:n1065130130,n1065130130,Vásárosnamény külső,Vásárosnamény külső,NO_UNIQUE_KSH_NAME,,,,,
osm:n1065130141,n1065130141,Kónya,Kónya,NO_UNIQUE_KSH_NAME,,,,,
osm:n1065130149,n1065130149,Kónyaszék,Kónyaszék,NO_UNIQUE_KSH_NAME,,,,,
osm:n1065130158,n1065130158,Csorvás alsó,Csorvás alsó,NO_UNIQUE_KSH_NAME,,,,,
osm:n1065130166,n1065130166,Ócsai szőlők,Ócsai szőlők,NO_UNIQUE_KSH_NAME,,,,,
osm:n1065130197,n1065130197,Sirató,Sirató,NO_UNIQUE_KSH_NAME,,,,,
osm:n1065130199,n1065130199,Lukácsháza alsó,Lukácsháza alsó,NO_UNIQUE_KSH_NAME,,,,,
osm:n1065130208,n1065130208,Pogonyipuszta,Pogonyipuszta,NO_UNIQUE_KSH_NAME,,,,,
osm:n1065130251,n1065130251,Ligettanya,Ligettanya,NO_UNIQUE_KSH_NAME,,,,,
osm:n1065130255,n1065130255,Csongrádi úti tanyák,Csongrádi úti tanyák,NO_UNIQUE_KSH_NAME,,,,,
osm:n1065130280,n1065130280,Salköveskút-Vassurány,Salköveskút-Vassurány,NO_UNIQUE_KSH_NAME,,,,,
osm:n1065130282,n1065130282,Tajó,Tajó,NO_UNIQUE_KSH_NAME,,,,,
osm:n1065130283,n1065130283,Füzesbokor,Füzesbokor,NO_UNIQUE_KSH_NAME,,,,,
osm:n1065130331,n1065130331,Kocsord,Kocsord,NO_REFERENCED_LINE_WITHIN_LIMIT,07445,,,,
osm:n1065130349,n1065130349,Nagykálló,Nagykálló,NO_REFERENCED_LINE_WITHIN_LIMIT,24785,,,,
osm:n1065130379,n1065130379,Kútvölgy,Kútvölgy,NO_UNIQUE_KSH_NAME,,,,,
osm:n1065130397,n1065130397,Tunyogmatolcs,Tunyogmatolcs,NO_REFERENCED_LINE_WITHIN_LIMIT,13213,,,,
osm:n1065130399,n1065130399,Gyöngyfa-Magyarmecske,Gyöngyfa-Magyarmecske,NO_UNIQUE_KSH_NAME,,,,,
osm:n1065130404,n1065130404,Jászkisér felső,Jászkisér felső,NO_UNIQUE_KSH_NAME,,,,,
osm:n1065130406,n1065130406,Fehérgyarmat,Fehérgyarmat,NO_REFERENCED_LINE_WITHIN_LIMIT,18971,,,,
osm:n1065130407,n1065130407,Tiszaalpár alsó,Tiszaalpár alsó,NO_UNIQUE_KSH_NAME,,,,,
osm:n1065130423,n1065130423,Jósvafő-Aggtelek,Jósvafő-Aggtelek,NO_UNIQUE_KSH_NAME,,,,,
osm:n1065130429,n1065130429,Kisfái,Kisfái,NO_UNIQUE_KSH_NAME,,,,,
osm:n1065130453,n1065130453,Kapitányság,Kapitányság,NO_UNIQUE_KSH_NAME,,,,,
osm:n1065130456,n1065130456,Királyegyháza-Rigópuszta,Királyegyháza-Rigópuszta,NO_UNIQUE_KSH_NAME,,,,,
osm:n1065130467,n1065130467,Baja-Dunafürdő,Baja-Dunafürdő,NO_UNIQUE_KSH_NAME,,,,,
osm:n1065130470,n1065130470,Őszeszék,Őszeszék,NO_UNIQUE_KSH_NAME,,,,,
osm:n1065130471,n1065130471,Füzesgyarmatfürdő,Füzesgyarmatfürdő,NO_UNIQUE_KSH_NAME,,,,,
osm:n1065130482,n1065130482,Hajdúvid,Hajdúvid,NO_UNIQUE_KSH_NAME,,,,,
osm:n1065130496,n1065130496,Kórógyszentgyörgy,Kórógyszentgyörgy,NO_UNIQUE_KSH_NAME,,,,,
osm:n1065130505,n1065130505,Rábahíd,Rábahíd,NO_UNIQUE_KSH_NAME,,,,,
osm:n1065130506,n1065130506,Alsóboldva,Alsóboldva,NO_UNIQUE_KSH_NAME,,,,,
osm:n1065130508,n1065130508,Világoshegy,Világoshegy,NO_UNIQUE_KSH_NAME,,,,,
osm:n1065130516,n1065130516,Orosháza felső,Orosháza felső,NO_UNIQUE_KSH_NAME,,,,,
osm:n1065130519,n1065130519,Kállósemjén,Kállósemjén,NO_REFERENCED_LINE_WITHIN_LIMIT,31404,,,,
osm:n1065130530,n1065130530,Belsőkamaráspuszta,Belsőkamaráspuszta,NO_UNIQUE_KSH_NAME,,,,,
osm:n1065130535,n1065130535,Galambos,Galambos,NO_UNIQUE_KSH_NAME,,,,,
osm:n1065130536,n1065130536,Bogárzó,Bogárzó,NO_UNIQUE_KSH_NAME,,,,,
osm:n1065130539,n1065130539,Árpádszállás,Árpádszállás,NO_UNIQUE_KSH_NAME,,,,,
osm:n1065130540,n1065130540,Bánkút,Bánkút,NO_UNIQUE_KSH_NAME,,,,,
osm:n1065130541,n1065130541,Szombathely-Szőlős,Szombathely-Szőlős,NO_UNIQUE_KSH_NAME,,,,,
osm:n1065130559,n1065130559,Csömödér-Páka,Csömödér-Páka,NO_UNIQUE_KSH_NAME,,,,,
osm:n1065130564,n1065130564,Kiskundorozsma,Kiskundorozsma,NO_UNIQUE_KSH_NAME,,,,,
osm:n1065130566,n1065130566,Homok,Homok,NO_UNIQUE_KSH_NAME,,,,,
osm:n1065130588,n1065130588,Hosszúhát,Hosszúhát,NO_UNIQUE_KSH_NAME,,,,,
osm:n1065130592,n1065130592,Bicere,Bicere,NO_UNIQUE_KSH_NAME,,,,,
osm:n1065130618,n1065130618,Szikra,Szikra,NO_UNIQUE_KSH_NAME,,,,,
osm:n1065130625,n1065130625,Újvenyim,Újvenyim,NO_UNIQUE_KSH_NAME,,,,,
osm:n1065130647,n1065130647,Középmező,Középmező,NO_UNIQUE_KSH_NAME,,,,,
osm:n1065130662,n1065130662,Hortobágyi Halastó,Hortobágyi Halastó,NO_UNIQUE_KSH_NAME,,,,,
osm:n1065130681,n1065130681,Debrecen-Csapókert,Debrecen-Csapókert,NO_UNIQUE_KSH_NAME,,,,,
osm:n1065130718,n1065130718,Ceglédi szállások,Ceglédi szállások,NO_UNIQUE_KSH_NAME,,,,,
osm:n1065130724,n1065130724,Mezőkövesd felső,Mezőkövesd felső,NO_UNIQUE_KSH_NAME,,,,,
osm:n1065130736,n1065130736,Kisteleki szőlők,Kisteleki szőlők,NO_UNIQUE_KSH_NAME,,,,,
osm:n1065130763,n1065130763,Csongrád alsó,Csongrád alsó,NO_UNIQUE_KSH_NAME,,,,,
osm:n1065130768,n1065130768,Imremajor,Imremajor,NO_UNIQUE_KSH_NAME,,,,,
osm:n1065130781,n1065130781,Gyulai városerdő,Gyulai városerdő,NO_UNIQUE_KSH_NAME,,,,,
osm:n1065130805,n1065130805,Büdöskútpuszta,Büdöskútpuszta,NO_UNIQUE_KSH_NAME,,,,,
osm:n1065130907,n1065130907,Eger-Felnémet,Eger-Felnémet,NO_UNIQUE_KSH_NAME,,,,,
osm:n1065130954,n1065130954,Csabacsűd felső,Csabacsűd felső,NO_UNIQUE_KSH_NAME,,,,,
osm:n1066556313,n1066556313,Bélapátfalvai Cementgyár,Bélapátfalvai Cementgyár,NO_UNIQUE_KSH_NAME,,,,,
osm:n1085346050,n1085346050,Csömödér ÁEV,Csömödér ÁEV,NO_UNIQUE_KSH_NAME,,,,,
osm:n1085346056,n1085346056,Páka,Páka,NO_REFERENCED_LINE_WITHIN_LIMIT,29160,,,,
osm:n1085370692,n1085370692,Kányavár,Kányavár,NO_REFERENCED_LINE_WITHIN_LIMIT,04473,,,,
osm:n1085370738,n1085370738,Dömefölde,Dömefölde,NO_UNIQUE_KSH_NAME,,,,,
osm:n1085371009,n1085371009,Bázakerettye felső,Bázakerettye felső,NO_UNIQUE_KSH_NAME,,,,,
osm:n1085371048,n1085371048,Törösznek,Törösznek,NO_UNIQUE_KSH_NAME,,,,,
osm:n1085371244,n1085371244,Kámaházi erdészlak,Kámaházi erdészlak,NO_UNIQUE_KSH_NAME,,,,,
osm:n1085387128,n1085387128,Bázakerettye alsó,Bázakerettye alsó,NO_UNIQUE_KSH_NAME,,,,,
osm:n1085387130,n1085387130,Kistolmácsi Erdei Lak,Kistolmácsi Erdei Lak,NO_UNIQUE_KSH_NAME,,,,,
osm:n10968027734,n10968027734,Berente-Rendező,Berente-Rendező,NO_UNIQUE_KSH_NAME,,,,,
osm:n10981566785,n10981566785,Dunakeszi alsó,Dunakeszi alsó,NO_UNIQUE_KSH_NAME,,,,,
osm:n1104399656,n1104399656,Fegyvernek-Örményes,Fegyvernek-Örményes,NO_UNIQUE_KSH_NAME,,,,,
osm:n11076206948,n11076206948,Látókép,Látókép,NO_UNIQUE_KSH_NAME,,,,,
osm:n11082653644,n11082653644,Fényes,Fényes,NO_UNIQUE_KSH_NAME,,,,,
osm:n11112174014,n11112174014,Karcag-Ipartelep,Karcag-Ipartelep,NO_UNIQUE_KSH_NAME,,,,,
osm:n11112252821,n11112252821,Agárdytelep,Agárdytelep,NO_UNIQUE_KSH_NAME,,,,,
osm:n1121787635,n1121787635,Normafa,Normafa,NO_UNIQUE_KSH_NAME,,,,,
osm:n1141836627,n1141836627,Almamellék,Almamellék,NO_REFERENCED_LINE_WITHIN_LIMIT,13329,,,,
osm:n1141836652,n1141836652,Szentmártonpuszta,Szentmártonpuszta,NO_UNIQUE_KSH_NAME,,,,,
osm:n1141836666,n1141836666,Sasrét,Sasrét,NO_UNIQUE_KSH_NAME,,,,,
osm:n1141836667,n1141836667,Lukafai elágazás,Lukafai elágazás,NO_UNIQUE_KSH_NAME,,,,,
osm:n1141836713,n1141836713,Kikerics,Kikerics,NO_UNIQUE_KSH_NAME,,,,,
osm:n1142098371,n1142098371,Gyóta-Busvár,Gyóta-Busvár,NO_UNIQUE_KSH_NAME,,,,,
osm:n1142099087,n1142099087,Mélyéger,Mélyéger,NO_UNIQUE_KSH_NAME,,,,,
osm:n1142099313,n1142099313,Szúnyogvár,Szúnyogvár,NO_UNIQUE_KSH_NAME,,,,,
osm:n11517679376,n11517679376,Dunakeszi-Gyártelep,Dunakeszi-Gyártelep,NO_UNIQUE_KSH_NAME,,,,,
osm:n11672840349,n11672840349,Nagyirtáspuszta,Nagyirtáspuszta,NO_UNIQUE_KSH_NAME,,,,,
osm:n1212433827,n1212433827,Szellőhát,Szellőhát,NO_UNIQUE_KSH_NAME,,,,,
osm:n1212434077,n1212434077,Fertőszéplak-Fertőd,Fertőszéplak-Fertőd,NO_UNIQUE_KSH_NAME,,,,,
osm:n1212434263,n1212434263,Nagylaki Kendergyár,Nagylaki Kendergyár,NO_UNIQUE_KSH_NAME,,,,,
osm:n1212434344,n1212434344,Szendrő felső,Szendrő felső,NO_UNIQUE_KSH_NAME,,,,,
osm:n1212434390,n1212434390,Zagyvapálfalva,Zagyvapálfalva,NO_UNIQUE_KSH_NAME,,,,,
osm:n1212434413,n1212434413,Nagycsere,Nagycsere,NO_UNIQUE_KSH_NAME,,,,,
osm:n1212434713,n1212434713,Sajószentpéter-Piactér,Sajószentpéter-Piactér,NO_UNIQUE_KSH_NAME,,,,,
osm:n1212434739,n1212434739,Vitnyéd-Csermajor,Vitnyéd-Csermajor,NO_UNIQUE_KSH_NAME,,,,,
osm:n1212434948,n1212434948,Bánrévei Vízmű,Bánrévei Vízmű,NO_UNIQUE_KSH_NAME,,,,,
osm:n1212435091,n1212435091,Alsórönök,Alsórönök,NO_UNIQUE_KSH_NAME,,,,,
osm:n1223279888,n1223279888,Diósgyőr,Diósgyőr,NO_UNIQUE_KSH_NAME,,,,,
osm:n122418061,n122418061,Börzsönyliget,Börzsönyliget,NO_UNIQUE_KSH_NAME,,,,,
osm:n12248634282,n12248634282,Kismacs,Kismacs,NO_UNIQUE_KSH_NAME,,,,,
osm:n1246730240,n1246730240,Rákosszentmihály,Rákosszentmihály,NO_UNIQUE_KSH_NAME,,,,,
osm:n12471822632,n12471822632,Kimle-Károlyháza,Kimle-Károlyháza,NO_UNIQUE_KSH_NAME,,,,,
osm:n1257865017,n1257865017,Hejce-Vilmány,Hejce-Vilmány,NO_UNIQUE_KSH_NAME,,,,,
osm:n1257865064,n1257865064,Korlát-Vizsoly,Korlát-Vizsoly,NO_UNIQUE_KSH_NAME,,,,,
osm:n1259198891,n1259198891,Végegyháza alsó,Végegyháza alsó,NO_UNIQUE_KSH_NAME,,,,,
osm:n1260939554,n1260939554,Mecsekjánosi,Mecsekjánosi,NO_UNIQUE_KSH_NAME,,,,,
osm:n1260955709,n1260955709,Porcsalma-Tyukod,Porcsalma-Tyukod,NO_UNIQUE_KSH_NAME,,,,,
osm:n1260955751,n1260955751,Győrtelek alsó,Győrtelek alsó,NO_UNIQUE_KSH_NAME,,,,,
osm:n1262974393,n1262974393,Jánkmajtis,Jánkmajtis,NO_REFERENCED_LINE_WITHIN_LIMIT,07843,,,,
osm:n1262974413,n1262974413,Nagyszekeres,Nagyszekeres,NO_REFERENCED_LINE_WITHIN_LIMIT,27988,,,,
osm:n1262974430,n1262974430,Gacsály,Gacsály,NO_REFERENCED_LINE_WITHIN_LIMIT,13727,,,,
osm:n1262974450,n1262974450,Rozsály,Rozsály,NO_REFERENCED_LINE_WITHIN_LIMIT,17428,,,,
osm:n13192858595,n13192858595,Lukas Hoffmann,Lukas Hoffmann,NO_UNIQUE_KSH_NAME,,,,,
osm:n1326450321,n1326450321,Debrecen-Fatelep,Debrecen-Fatelep,NO_UNIQUE_KSH_NAME,,,,,
osm:n1326504306,n1326504306,Erdészlak,Erdészlak,NO_UNIQUE_KSH_NAME,,,,,
osm:n1326504307,n1326504307,Fancsika,Fancsika,NO_UNIQUE_KSH_NAME,,,,,
osm:n1326504309,n1326504309,Csereerdő,Csereerdő,NO_UNIQUE_KSH_NAME,,,,,
osm:n1328628204,n1328628204,Kisirtás,Kisirtás,NO_UNIQUE_KSH_NAME,,,,,
osm:n1328628235,n1328628235,Ifjúsági tábor,Ifjúsági tábor,NO_UNIQUE_KSH_NAME,,,,,
osm:n13330090928,n13330090928,Játszótér,Játszótér,NO_UNIQUE_KSH_NAME,,,,,
osm:n13334897821,n13334897821,Máriahullámtelep,Máriahullámtelep,NO_UNIQUE_KSH_NAME,,,,,
osm:n13336796571,n13336796571,Karcag-Vásártér,Karcag-Vásártér,NO_UNIQUE_KSH_NAME,,,,,
osm:n1350118932,n1350118932,Gyömöre-Tét,Gyömöre-Tét,NO_UNIQUE_KSH_NAME,,,,,
osm:n13634656090,n13634656090,Állatkert,Állatkert,NO_UNIQUE_KSH_NAME,,,,,
osm:n13634722901,n13634722901,Dömörkapu,Dömörkapu,NO_UNIQUE_KSH_NAME,,,,,
osm:n1374463363,n1374463363,Szikáncs,Szikáncs,NO_UNIQUE_KSH_NAME,,,,,
osm:n13877118064,n13877118064,Derecske,Derecske,NO_REFERENCED_LINE_WITHIN_LIMIT,05573,,,,
osm:n13877118070,n13877118070,Derecske-Vásártér,Derecske-Vásártér,NO_UNIQUE_KSH_NAME,,,,,
osm:n13877118072,n13877118072,Konyár,Konyár,NO_REFERENCED_LINE_WITHIN_LIMIT,25964,,,,
osm:n13877118097,n13877118097,Kismarja,Kismarja,NO_REFERENCED_LINE_WITHIN_LIMIT,15477,,,,
osm:n13877131524,n13877131524,Nagykereki,Nagykereki,NO_REFERENCED_LINE_WITHIN_LIMIT,08907,,,,
osm:n13995265473,n13995265473,Pisztrángtelep,Pisztrángtelep,NO_UNIQUE_KSH_NAME,,,,,
osm:n1403265042,n1403265042,Hajdúszentgyörgy,Hajdúszentgyörgy,NO_UNIQUE_KSH_NAME,,,,,
osm:n14106332074,n14106332074,Oszkó Felső Vasútállomás,Oszkó Felső,NO_UNIQUE_KSH_NAME,,,,,
osm:n14142266363,n14142266363,Uzovicstelep,Uzovicstelep,NO_UNIQUE_KSH_NAME,,,,,
osm:n1435581047,n1435581047,Hártókút,Hártókút,NO_UNIQUE_KSH_NAME,,,,,
osm:n1435581064,n1435581064,Szokolya-Mányoki,Szokolya-Mányoki,NO_UNIQUE_KSH_NAME,,,,,
osm:n1435581066,n1435581066,Szokolya-Riezner,Szokolya-Riezner,NO_UNIQUE_KSH_NAME,,,,,
osm:n1435965375,n1435965375,Gyöngyösoldal,Gyöngyösoldal,NO_UNIQUE_KSH_NAME,,,,,
osm:n1435965378,n1435965378,Keselyűs,Keselyűs,NO_UNIQUE_KSH_NAME,,,,,
osm:n1435965381,n1435965381,Nagyrezét,Nagyrezét,NO_UNIQUE_KSH_NAME,,,,,
osm:n1435965382,n1435965382,Nyárilegelő,Nyárilegelő,NO_UNIQUE_KSH_NAME,,,,,
osm:n1436523066,n1436523066,Hortobágy-Halastó,Hortobágy-Halastó,NO_UNIQUE_KSH_NAME,,,,,
osm:n1436523067,n1436523067,Konrad Lorenz,Konrad Lorenz,NO_UNIQUE_KSH_NAME,,,,,
osm:n1437481394,n1437481394,Baláta,Baláta,NO_UNIQUE_KSH_NAME,,,,,
osm:n1437481397,n1437481397,Bojsza,Bojsza,NO_UNIQUE_KSH_NAME,,,,,
osm:n1437481401,n1437481401,Kaszó,Kaszó,NO_REFERENCED_LINE_WITHIN_LIMIT,34193,,,,
osm:n1437544217,n1437544217,Felsőkak,Felsőkak,NO_UNIQUE_KSH_NAME,,,,,
osm:n1437544220,n1437544220,Mesztegnyő EV,Mesztegnyő EV,NO_UNIQUE_KSH_NAME,,,,,
osm:n1437544377,n1437544377,"Búsvári-tó, Kilátó v.m.","Búsvári-tó, Kilátó v.m.",NO_UNIQUE_KSH_NAME,,,,,
osm:n1476118683,n1476118683,Farkasmály,Farkasmály,NO_UNIQUE_KSH_NAME,,,,,
osm:n1476118690,n1476118690,Felsőújváros,Felsőújváros,NO_UNIQUE_KSH_NAME,,,,,
osm:n1476118694,n1476118694,Nyúlmály,Nyúlmály,NO_UNIQUE_KSH_NAME,,,,,
osm:n1476118697,n1476118697,Pipishegy,Pipishegy,NO_UNIQUE_KSH_NAME,,,,,
osm:n1476158790,n1476158790,Lukafa,Lukafa,NO_UNIQUE_KSH_NAME,,,,,
osm:n1476204094,n1476204094,Szalajkavölgy-Lovaspálya,Szalajkavölgy-Lovaspálya,NO_UNIQUE_KSH_NAME,,,,,
osm:n1670321158,n1670321158,Csanyik,Csanyik,NO_UNIQUE_KSH_NAME,,,,,
osm:n1787419560,n1787419560,Zemanek,Zemanek,NO_UNIQUE_KSH_NAME,,,,,
osm:n1787419617,n1787419617,Toppancshíd,Toppancshíd,NO_UNIQUE_KSH_NAME,,,,,
osm:n1796135491,n1796135491,Cserkő,Cserkő,NO_UNIQUE_KSH_NAME,,,,,
osm:n1796135494,n1796135494,Gyöngyössolymos,Gyöngyössolymos,NO_REFERENCED_LINE_WITHIN_LIMIT,19123,,,,
osm:n1796135496,n1796135496,Jánoska,Jánoska,NO_UNIQUE_KSH_NAME,,,,,
osm:n1796135499,n1796135499,Lajosháza,Lajosháza,NO_UNIQUE_KSH_NAME,,,,,
osm:n1796135501,n1796135501,Szalajkaház,Szalajkaház,NO_UNIQUE_KSH_NAME,,,,,
osm:n1796135883,n1796135883,Őrlőmű,Őrlőmű,NO_UNIQUE_KSH_NAME,,,,,
osm:n1829167896,n1829167896,Jászboldogháza-Jánoshida,Jászboldogháza-Jánoshida,NO_UNIQUE_KSH_NAME,,,,,
osm:n1879769594,n1879769594,Egeresvölgy-Varróház,Egeresvölgy-Varróház,NO_UNIQUE_KSH_NAME,,,,,
osm:n1881045099,n1881045099,Felsőtárkány-Fűtőház,Felsőtárkány-Fűtőház,NO_UNIQUE_KSH_NAME,,,,,
osm:n1881045105,n1881045105,Stimecz-ház,Stimecz-ház,NO_UNIQUE_KSH_NAME,,,,,
osm:n1887349103,n1887349103,Majláth,Majláth,NO_UNIQUE_KSH_NAME,,,,,
osm:n1887349114,n1887349114,Mártabánya,Mártabánya,NO_UNIQUE_KSH_NAME,,,,,
osm:n1887349123,n1887349123,Puskaporos,Puskaporos,NO_UNIQUE_KSH_NAME,,,,,
osm:n2092268146,n2092268146,Sámsoni út,Sámsoni út,NO_UNIQUE_KSH_NAME,,,,,
osm:n2153434311,n2153434311,Ballatanya,Ballatanya,NO_UNIQUE_KSH_NAME,,,,,
osm:n2153434313,n2153434313,Haláperdő,Haláperdő,NO_UNIQUE_KSH_NAME,,,,,
osm:n2153434318,n2153434318,Hármashegyalja,Hármashegyalja,NO_UNIQUE_KSH_NAME,,,,,
osm:n2153434323,n2153434323,Hétvezér utca,Hétvezér utca,NO_UNIQUE_KSH_NAME,,,,,
osm:n2153434327,n2153434327,Martinka,Martinka,NO_UNIQUE_KSH_NAME,,,,,
osm:n2231386750,n2231386750,Petőfiváros,Petőfiváros,NO_UNIQUE_KSH_NAME,,,,,
osm:n2269118652,n2269118652,Balkány,Balkány,NO_REFERENCED_LINE_WITHIN_LIMIT,26958,,,,
osm:n2386326591,n2386326591,Pálháza,Pálháza,NO_REFERENCED_LINE_WITHIN_LIMIT,12362,,,,
osm:n2388839256,n2388839256,Gyöngyöshermán,Gyöngyöshermán,NO_UNIQUE_KSH_NAME,,,,,
osm:n240519027,n240519027,Vicziántelep,Vicziántelep,NO_UNIQUE_KSH_NAME,,,,,
osm:n243750430,n243750430,Kitérőgyár,Kitérőgyár,NO_UNIQUE_KSH_NAME,,,,,
osm:n243766920,n243766920,Mátrafüred alsó,Mátrafüred alsó,NO_UNIQUE_KSH_NAME,,,,,
osm:n243767049,n243767049,Gyöngyös,Gyöngyös,NO_REFERENCED_LINE_WITHIN_LIMIT,05236,,,,
osm:n2449235103,n2449235103,Haris,Haris,NO_UNIQUE_KSH_NAME,,,,,
osm:n249188838,n249188838,Rudnaykert,Rudnaykert,NO_UNIQUE_KSH_NAME,,,,,
osm:n2507415270,n2507415270,Eger-völgy,Eger-völgy,NO_UNIQUE_KSH_NAME,,,,,
osm:n2507415271,n2507415271,Oltárc,Oltárc,NO_REFERENCED_LINE_WITHIN_LIMIT,25478,,,,
osm:n2507415341,n2507415341,Egervölgyi repvágány,Egervölgyi repvágány,NO_UNIQUE_KSH_NAME,,,,,
osm:n2507415857,n2507415857,Bánokszentgyörgy,Bánokszentgyörgy,NO_REFERENCED_LINE_WITHIN_LIMIT,08439,,,,
osm:n2507416094,n2507416094,Várfölde,Várfölde,NO_REFERENCED_LINE_WITHIN_LIMIT,02529,,,,
osm:n2508607839,n2508607839,Bucsuta,Bucsuta,NO_REFERENCED_LINE_WITHIN_LIMIT,07986,,,,
osm:n2508607840,n2508607840,Bánkürtös,Bánkürtös,NO_UNIQUE_KSH_NAME,,,,,
osm:n2508607841,n2508607841,Csömödéri-tó,Csömödéri-tó,NO_UNIQUE_KSH_NAME,,,,,
osm:n2508607843,n2508607843,Feketeberek,Feketeberek,NO_UNIQUE_KSH_NAME,,,,,
osm:n2508607844,n2508607844,Hosszúrét,Hosszúrét,NO_UNIQUE_KSH_NAME,,,,,
osm:n2508607845,n2508607845,Iklódbördőcei temető,Iklódbördőcei temető,NO_UNIQUE_KSH_NAME,,,,,
osm:n2508607846,n2508607846,Kövecses,Kövecses,NO_UNIQUE_KSH_NAME,,,,,
osm:n2508607850,n2508607850,Lentiszombathely-Mumor,Lentiszombathely-Mumor,NO_UNIQUE_KSH_NAME,,,,,
osm:n2508607851,n2508607851,Mereta,Mereta,NO_UNIQUE_KSH_NAME,,,,,
osm:n2508607853,n2508607853,Nyúldomb,Nyúldomb,NO_UNIQUE_KSH_NAME,,,,,
osm:n2508607854,n2508607854,Pörkölt,Pörkölt,NO_UNIQUE_KSH_NAME,,,,,
osm:n2508607855,n2508607855,Szentpéterfölde kitérő,Szentpéterfölde kitérő,NO_UNIQUE_KSH_NAME,,,,,
osm:n2508607856,n2508607856,Szentpéterfölde rakodó,Szentpéterfölde rakodó,NO_UNIQUE_KSH_NAME,,,,,
osm:n2508607857,n2508607857,Szilvágy,Szilvágy,NO_REFERENCED_LINE_WITHIN_LIMIT,17853,,,,
osm:n2508607858,n2508607858,Sárdipuszta,Sárdipuszta,NO_UNIQUE_KSH_NAME,,,,,
osm:n2508607859,n2508607859,Zajda,Zajda,NO_UNIQUE_KSH_NAME,,,,,
osm:n2508607860,n2508607860,Zsidóhegyhát rakodó,Zsidóhegyhát rakodó,NO_UNIQUE_KSH_NAME,,,,,
osm:n2508608604,n2508608604,Lenti-Gyöngyvirág utca,Lenti-Gyöngyvirág utca,NO_UNIQUE_KSH_NAME,,,,,
osm:n2522963097,n2522963097,Mezőkovácsháza felső,Mezőkovácsháza felső,NO_UNIQUE_KSH_NAME,,,,,
osm:n25925507,n25925507,Szatina-Kishajmás,Szatina-Kishajmás,NO_UNIQUE_KSH_NAME,,,,,
osm:n268205508,n268205508,Gyoma,Gyoma,NO_UNIQUE_KSH_NAME,,,,,
osm:n268213797,n268213797,Miskolc-Tiszai,Miskolc-Tiszai,NO_UNIQUE_KSH_NAME,,,,,
osm:n268215869,n268215869,Center alsó,Center alsó,NO_UNIQUE_KSH_NAME,,,,,
osm:n268215875,n268215875,Ózd alsó,Ózd alsó,NO_UNIQUE_KSH_NAME,,,,,
osm:n268596615,n268596615,Mátraszőlős-Hasznos,Mátraszőlős-Hasznos,NO_UNIQUE_KSH_NAME,,,,,
osm:n268598665,n268598665,Nagybátony,Nagybátony,NO_UNIQUE_KSH_NAME,,,,,
osm:n269707021,n269707021,Nagykarácsony felső,Nagykarácsony felső,NO_UNIQUE_KSH_NAME,,,,,
osm:n2720648845,n2720648845,Andráshida,Andráshida,NO_UNIQUE_KSH_NAME,,,,,
osm:n276515721,n276515721,Ménfőcsanak felső,Ménfőcsanak felső,NO_UNIQUE_KSH_NAME,,,,,
osm:n280179036,n280179036,Clark Ádám tér,Clark Ádám tér,NO_UNIQUE_KSH_NAME,,,,,
osm:n280179037,n280179037,Szent György tér,Szent György tér,NO_UNIQUE_KSH_NAME,,,,,
osm:n287638746,n287638746,Magyarkút,Magyarkút,NO_UNIQUE_KSH_NAME,,,,,
osm:n287638747,n287638747,Magyarkút-Verőce,Magyarkút-Verőce,NO_UNIQUE_KSH_NAME,,,,,
osm:n2894347408,n2894347408,Budapest-Kelenföld,Budapest-Kelenföld,NO_UNIQUE_KSH_NAME,,,,,
osm:n29530083,n29530083,Péterhida-Komlósd,Péterhida-Komlósd,NO_UNIQUE_KSH_NAME,,,,,
osm:n2982568488,n2982568488,Rostalló,Rostalló,NO_UNIQUE_KSH_NAME,,,,,
osm:n2982574545,n2982574545,Kőkapu,Kőkapu,NO_UNIQUE_KSH_NAME,,,,,
osm:n3010560233,n3010560233,Budapest-Nyugati,Budapest-Nyugati,NO_UNIQUE_KSH_NAME,,,,,
osm:n3046019828,n3046019828,Mahóca,Mahóca,NO_UNIQUE_KSH_NAME,,,,,
osm:n3046019829,n3046019829,Ortástető,Ortástető,NO_UNIQUE_KSH_NAME,,,,,
osm:n3046043050,n3046043050,Papírgyár,Papírgyár,NO_UNIQUE_KSH_NAME,,,,,
osm:n3046043051,n3046043051,Fazola-kohó,Fazola-kohó,NO_UNIQUE_KSH_NAME,,,,,
osm:n3047453463,n3047453463,Virányos,Virányos,NO_UNIQUE_KSH_NAME,,,,,
osm:n3087863490,n3087863490,Kőszegfalva,Kőszegfalva,NO_UNIQUE_KSH_NAME,,,,,
osm:n3138193743,n3138193743,Tisza-parti végállomás,Tisza-parti végállomás,NO_UNIQUE_KSH_NAME,,,,,
osm:n3141610637,n3141610637,Nagymaros-Visegrád,Nagymaros-Visegrád,NO_UNIQUE_KSH_NAME,,,,,
osm:n3141645710,n3141645710,Vác-Alsóváros,Vác-Alsóváros,NO_UNIQUE_KSH_NAME,,,,,
osm:n3141893115,n3141893115,Budapest-Keleti,Budapest-Keleti,NO_UNIQUE_KSH_NAME,,,,,
osm:n3159360767,n3159360767,Nyíregyháza-Északi kitérő,Nyíregyháza-Északi kitérő,NO_UNIQUE_KSH_NAME,,,,,
osm:n325248368,n325248368,Kapostüskevár,Kapostüskevár,NO_UNIQUE_KSH_NAME,,,,,
osm:n3260071767,n3260071767,Bugac felső,Bugac felső,NO_UNIQUE_KSH_NAME,,,,,
osm:n3268507016,n3268507016,Andókút,Andókút,NO_UNIQUE_KSH_NAME,,,,,
osm:n3270362167,n3270362167,Miskolc-Gömöri,Miskolc-Gömöri,NO_UNIQUE_KSH_NAME,,,,,
osm:n3286623351,n3286623351,Kecskemét KK,Kecskemét KK,NO_UNIQUE_KSH_NAME,,,,,
osm:n3296310086,n3296310086,Petneháza,Petneháza,NO_REFERENCED_LINE_WITHIN_LIMIT,17224,,,,
osm:n3303405518,n3303405518,Hosszúberek-Péteri,Hosszúberek-Péteri,NO_UNIQUE_KSH_NAME,,,,,
osm:n33470679,n33470679,Barcs felső,Barcs felső,NO_UNIQUE_KSH_NAME,,,,,
osm:n3350644827,n3350644827,Porva-Csesznek,Porva-Csesznek,NO_UNIQUE_KSH_NAME,,,,,
osm:n336099929,n336099929,Dombóvár alsó,Dombóvár alsó,NO_UNIQUE_KSH_NAME,,,,,
osm:n3375535737,n3375535737,Четово,Четово,NO_UNIQUE_KSH_NAME,,,,,
osm:n337738774,n337738774,Berekhát,Berekhát,NO_UNIQUE_KSH_NAME,,,,,
osm:n338959239,n338959239,Drégely,Drégely,NO_UNIQUE_KSH_NAME,,,,,
osm:n338959269,n338959269,Sáferkút,Sáferkút,NO_UNIQUE_KSH_NAME,,,,,
osm:n3390023551,n3390023551,Víznyomó,Víznyomó,NO_UNIQUE_KSH_NAME,,,,,
osm:n340413312,n340413312,Pécs-Külváros,Pécs-Külváros,NO_UNIQUE_KSH_NAME,,,,,
osm:n3411797085,n3411797085,Máriakút,Máriakút,NO_UNIQUE_KSH_NAME,,,,,
osm:n3420245649,n3420245649,Lassi,Lassi,NO_UNIQUE_KSH_NAME,,,,,
osm:n342152127,n342152127,Mecsekalja-Cserkút,Mecsekalja-Cserkút,NO_UNIQUE_KSH_NAME,,,,,
osm:n342860139,n342860139,Kakasszék,Kakasszék,NO_UNIQUE_KSH_NAME,,,,,
osm:n342860375,n342860375,Gyopárosfürdő,Gyopárosfürdő,NO_UNIQUE_KSH_NAME,,,,,
osm:n342860752,n342860752,Justhmajor,Justhmajor,NO_UNIQUE_KSH_NAME,,,,,
osm:n343493892,n343493892,Pusztatemplom,Pusztatemplom,NO_UNIQUE_KSH_NAME,,,,,
osm:n343684652,n343684652,Városi park,Városi park,NO_UNIQUE_KSH_NAME,,,,,
osm:n3442719826,n3442719826,Lillafüred,Lillafüred,NO_UNIQUE_KSH_NAME,,,,,
osm:n347352746,n347352746,Szentetornya,Szentetornya,NO_UNIQUE_KSH_NAME,,,,,
osm:n347352748,n347352748,Újváros,Újváros,NO_UNIQUE_KSH_NAME,,,,,
osm:n347610445,n347610445,Cserdi-Helesfa,Cserdi-Helesfa,NO_UNIQUE_KSH_NAME,,,,,
osm:n347635034,n347635034,Kiszombor megálló,Kiszombor megálló,NO_UNIQUE_KSH_NAME,,,,,
osm:n347635107,n347635107,Szőreg,Szőreg,NO_UNIQUE_KSH_NAME,,,,,
osm:n347635119,n347635119,Újszeged,Újszeged,NO_UNIQUE_KSH_NAME,,,,,
osm:n348022630,n348022630,Makó-Újváros,Makó-Újváros,NO_UNIQUE_KSH_NAME,,,,,
osm:n354578892,n354578892,Godisa,Godisa,NO_UNIQUE_KSH_NAME,,,,,
osm:n354597184,n354597184,Mágocs-Alsómocsolád,Mágocs-Alsómocsolád,NO_UNIQUE_KSH_NAME,,,,,
osm:n3561907549,n3561907549,Gemenci delta,Gemenci delta,NO_UNIQUE_KSH_NAME,,,,,
osm:n3561907552,n3561907552,Szomfovai delta,Szomfovai delta,NO_UNIQUE_KSH_NAME,,,,,
osm:n3561909769,n3561909769,Ásásduna,Ásásduna,NO_UNIQUE_KSH_NAME,,,,,
osm:n3594252319,n3594252319,Kemencepatak,Kemencepatak,NO_UNIQUE_KSH_NAME,,,,,
osm:n3594252322,n3594252322,Kishuta,Kishuta,NO_REFERENCED_LINE_WITHIN_LIMIT,28875,,,,
osm:n3594252323,n3594252323,Komlósi-völgy,Komlósi-völgy,NO_UNIQUE_KSH_NAME,,,,,
osm:n3629949217,n3629949217,Center,Center,NO_UNIQUE_KSH_NAME,,,,,
osm:n367073668,n367073668,Kétútköz,Kétútköz,NO_UNIQUE_KSH_NAME,,,,,
osm:n370613707,n370613707,Edelény alsó,Edelény alsó,NO_UNIQUE_KSH_NAME,,,,,
osm:n3711079062,n3711079062,Márki-rét,Márki-rét,NO_UNIQUE_KSH_NAME,,,,,
osm:n3731378557,n3731378557,Sóstó,Sóstó,NO_UNIQUE_KSH_NAME,,,,,
osm:n3731384077,n3731384077,Kisvárda-Hármasút,Kisvárda-Hármasút,NO_UNIQUE_KSH_NAME,,,,,
osm:n382602287,n382602287,Vinye,Vinye,NO_UNIQUE_KSH_NAME,,,,,
osm:n3827508210,n3827508210,Hármashegyi-tó,Hármashegyi-tó,NO_UNIQUE_KSH_NAME,,,,,
osm:n3842326490,n3842326490,Kazincbarcika alsó,Kazincbarcika alsó,NO_UNIQUE_KSH_NAME,,,,,
osm:n3992699089,n3992699089,Nagybörzsöny,Nagybörzsöny,NO_REFERENCED_LINE_WITHIN_LIMIT,14775,,,,
osm:n4034679208,n4034679208,Tiszapalkonya-Erőmű,Tiszapalkonya-Erőmű,NO_UNIQUE_KSH_NAME,,,,,
osm:n4039134492,n4039134492,Boros-Pincehely,Boros-Pincehely,NO_UNIQUE_KSH_NAME,,,,,
osm:n4065662861,n4065662861,Vetettfű,Vetettfű,NO_UNIQUE_KSH_NAME,,,,,
osm:n4084211603,n4084211603,Slovenské Nové Mesto,Slovenské Nové Mesto,NO_UNIQUE_KSH_NAME,,,,,
osm:n409634206,n409634206,Mórágy-Alsónána,Mórágy-Alsónána,NO_UNIQUE_KSH_NAME,,,,,
osm:n409643296,n409643296,Hidas-Bonyhád,Hidas-Bonyhád,NO_UNIQUE_KSH_NAME,,,,,
osm:n409646085,n409646085,Máza-Szászvár,Máza-Szászvár,NO_UNIQUE_KSH_NAME,,,,,
osm:n410898313,n410898313,Malomtelelő,Malomtelelő,NO_UNIQUE_KSH_NAME,,,,,
osm:n410909773,n410909773,Dunakömlőd,Dunakömlőd,NO_UNIQUE_KSH_NAME,,,,,
osm:n410912336,n410912336,Alsóméntelek,Alsóméntelek,NO_UNIQUE_KSH_NAME,,,,,
osm:n410918807,n410918807,Hetényegyháza,Hetényegyháza,NO_UNIQUE_KSH_NAME,,,,,
osm:n411400141,n411400141,Tiszaug-Tiszahídfő,Tiszaug-Tiszahídfő,NO_UNIQUE_KSH_NAME,,,,,
osm:n411403965,n411403965,Tiszaalpár felső,Tiszaalpár felső,NO_UNIQUE_KSH_NAME,,,,,
osm:n411408085,n411408085,Kerekdomb,Kerekdomb,NO_UNIQUE_KSH_NAME,,,,,
osm:n411412711,n411412711,Piroska,Piroska,NO_UNIQUE_KSH_NAME,,,,,
osm:n411736478,n411736478,Kunszentmiklós-Tass,Kunszentmiklós-Tass,NO_UNIQUE_KSH_NAME,,,,,
osm:n412348482,n412348482,Alsógöd,Alsógöd,NO_UNIQUE_KSH_NAME,,,,,
osm:n412453298,n412453298,Tatárvár,Tatárvár,NO_UNIQUE_KSH_NAME,,,,,
osm:n412454445,n412454445,Kaposfüred,Kaposfüred,NO_UNIQUE_KSH_NAME,,,,,
osm:n412816838,n412816838,Rádiháza,Rádiháza,NO_UNIQUE_KSH_NAME,,,,,
osm:n412818141,n412818141,Zalapatakalja,Zalapatakalja,NO_UNIQUE_KSH_NAME,,,,,
osm:n415595765,n415595765,Vitka,Vitka,NO_UNIQUE_KSH_NAME,,,,,
osm:n415597016,n415597016,Zajta,Zajta,NO_REFERENCED_LINE_WITHIN_LIMIT,06275,,,,
osm:n415597047,n415597047,Kisszekeres,Kisszekeres,NO_REFERENCED_LINE_WITHIN_LIMIT,09751,,,,
osm:n415597056,n415597056,Penyige,Penyige,NO_REFERENCED_LINE_WITHIN_LIMIT,32692,,,,
osm:n415597070,n415597070,Tunyogmatolcs alsó,Tunyogmatolcs alsó,NO_UNIQUE_KSH_NAME,,,,,
osm:n415605642,n415605642,Dombostanya,Dombostanya,NO_UNIQUE_KSH_NAME,,,,,
osm:n4188929522,n4188929522,Sóstóhegy,Sóstóhegy,NO_UNIQUE_KSH_NAME,,,,,
osm:n4188974134,n4188974134,Császárszállás,Császárszállás,NO_UNIQUE_KSH_NAME,,,,,
osm:n4223413363,n4223413363,Mátravidéki Erőmű,Mátravidéki Erőmű,NO_UNIQUE_KSH_NAME,,,,,
osm:n4340981717,n4340981717,Pécsbánya-Rendező,Pécsbánya-Rendező,NO_UNIQUE_KSH_NAME,,,,,
osm:n4371462428,n4371462428,Jánosszállás,Jánosszállás,NO_UNIQUE_KSH_NAME,,,,,
osm:n445817987,n445817987,Sárpilis-Várdomb,Sárpilis-Várdomb,NO_UNIQUE_KSH_NAME,,,,,
osm:n445817997,n445817997,Szekszárd-Palánk,Szekszárd-Palánk,NO_UNIQUE_KSH_NAME,,,,,
osm:n445818050,n445818050,Belsőbáránd,Belsőbáránd,NO_UNIQUE_KSH_NAME,,,,,
osm:n445818128,n445818128,Tolna-Mözs,Tolna-Mözs,NO_UNIQUE_KSH_NAME,,,,,
osm:n445818131,n445818131,Rétszilas,Rétszilas,NO_UNIQUE_KSH_NAME,,,,,
osm:n445818141,n445818141,Győrszabadhegy,Győrszabadhegy,NO_UNIQUE_KSH_NAME,,,,,
osm:n454633415,n454633415,Erdei kisvasút,Erdei kisvasút,NO_UNIQUE_KSH_NAME,,,,,
osm:n467080035,n467080035,Kádárta,Kádárta,NO_UNIQUE_KSH_NAME,,,,,
osm:n4768462881,n4768462881,Búcsúszentlászló,Búcsúszentlászló,NO_REFERENCED_LINE_WITHIN_LIMIT,20613,,,,
osm:n4769050243,n4769050243,Alsónemesapáti,Alsónemesapáti,NO_REFERENCED_LINE_WITHIN_LIMIT,19512,,,,
osm:n4769718767,n4769718767,Szemeretelep,Szemeretelep,NO_UNIQUE_KSH_NAME,,,,,
osm:n477828393,n477828393,Balatonfenyves GV,Balatonfenyves GV,NO_UNIQUE_KSH_NAME,,,,,
osm:n4820751491,n4820751491,Ongaújfalu,Ongaújfalu,NO_UNIQUE_KSH_NAME,,,,,
osm:n492589679,n492589679,Gyál felső,Gyál felső,NO_UNIQUE_KSH_NAME,,,,,
osm:n496059585,n496059585,Loipersbach-Schattendorf,Loipersbach-Schattendorf,NO_UNIQUE_KSH_NAME,,,,,
osm:n497138623,n497138623,Kocsord alsó,Kocsord alsó,NO_UNIQUE_KSH_NAME,,,,,
osm:n497138634,n497138634,Apafa,Apafa,NO_UNIQUE_KSH_NAME,,,,,
osm:n497138779,n497138779,Debrecen-Szabadságtelep,Debrecen-Szabadságtelep,NO_UNIQUE_KSH_NAME,,,,,
osm:n499511092,n499511092,Abaújszántói fürdő,Abaújszántói fürdő,NO_UNIQUE_KSH_NAME,,,,,
osm:n500911441,n500911441,Egyed-Rábacsanak,Egyed-Rábacsanak,NO_UNIQUE_KSH_NAME,,,,,
osm:n501797804,n501797804,József Szanatórium,József Szanatórium,NO_UNIQUE_KSH_NAME,,,,,
osm:n501797919,n501797919,Körösladány,Körösladány,NO_REFERENCED_LINE_WITHIN_LIMIT,11615,,,,
osm:n501798156,n501798156,Kiscsákó,Kiscsákó,NO_UNIQUE_KSH_NAME,,,,,
osm:n501798348,n501798348,Hajnalos,Hajnalos,NO_UNIQUE_KSH_NAME,,,,,
osm:n503340160,n503340160,Előhát,Előhát,NO_UNIQUE_KSH_NAME,,,,,
osm:n506539232,n506539232,Zalabér-Batyk,Zalabér-Batyk,NO_UNIQUE_KSH_NAME,,,,,
osm:n506540049,n506540049,Mezőkeresztes-Mezőnyárád,Mezőkeresztes-Mezőnyárád,NO_UNIQUE_KSH_NAME,,,,,
osm:n506540111,n506540111,Visontai Kombinát,Visontai Kombinát,NO_UNIQUE_KSH_NAME,,,,,
osm:n507098100,n507098100,Ohat-Pusztakócs,Ohat-Pusztakócs,NO_UNIQUE_KSH_NAME,,,,,
osm:n507098220,n507098220,Pocsaj-Esztár,Pocsaj-Esztár,NO_UNIQUE_KSH_NAME,,,,,
osm:n507098424,n507098424,Létavértes,Létavértes,NO_REFERENCED_LINE_WITHIN_LIMIT,05768,,,,
osm:n507098475,n507098475,Kisterenye,Kisterenye,NO_UNIQUE_KSH_NAME,,,,,
osm:n507098479,n507098479,Görögszállás,Görögszállás,NO_UNIQUE_KSH_NAME,,,,,
osm:n5196969589,n5196969589,Márianosztra,Márianosztra,NO_REFERENCED_LINE_WITHIN_LIMIT,04570,,,,
osm:n5217774759,n5217774759,Mexikói út,Mexikói út,NO_UNIQUE_KSH_NAME,,,,,
osm:n5217774760,n5217774760,Széchenyi fürdő,Széchenyi fürdő,NO_UNIQUE_KSH_NAME,,,,,
osm:n5217774761,n5217774761,Hősök tere,Hősök tere,NO_UNIQUE_KSH_NAME,,,,,
osm:n5217774762,n5217774762,Bajza utca,Bajza utca,NO_UNIQUE_KSH_NAME,,,,,
osm:n5217774763,n5217774763,Kodály körönd,Kodály körönd,NO_UNIQUE_KSH_NAME,,,,,
osm:n5217774764,n5217774764,Vörösmarty utca,Vörösmarty utca,NO_UNIQUE_KSH_NAME,,,,,
osm:n5217774765,n5217774765,Oktogon,Oktogon,NO_UNIQUE_KSH_NAME,,,,,
osm:n5217774766,n5217774766,Kőbánya-Kispest,Kőbánya-Kispest,NO_UNIQUE_KSH_NAME,,,,,
osm:n5217774767,n5217774767,Határ út,Határ út,NO_UNIQUE_KSH_NAME,,,,,
osm:n5217774768,n5217774768,Pöttyös utca,Pöttyös utca,NO_UNIQUE_KSH_NAME,,,,,
osm:n5217774769,n5217774769,Ecseri út,Ecseri út,NO_UNIQUE_KSH_NAME,,,,,
osm:n5217774770,n5217774770,Népliget,Népliget,NO_UNIQUE_KSH_NAME,,,,,
osm:n5217774771,n5217774771,Nagyvárad tér,Nagyvárad tér,NO_UNIQUE_KSH_NAME,,,,,
osm:n5217774772,n5217774772,Semmelweis Klinikák,Semmelweis Klinikák,NO_UNIQUE_KSH_NAME,,,,,
osm:n5217774773,n5217774773,Corvin-negyed,Corvin-negyed,NO_UNIQUE_KSH_NAME,,,,,
osm:n5217774774,n5217774774,Ferenciek tere,Ferenciek tere,NO_UNIQUE_KSH_NAME,,,,,
osm:n5217774775,n5217774775,Vörösmarty tér,Vörösmarty tér,NO_UNIQUE_KSH_NAME,,,,,
osm:n5217774776,n5217774776,Bajcsy-Zsilinszky út,Bajcsy-Zsilinszky út,NO_UNIQUE_KSH_NAME,,,,,
osm:n5217774777,n5217774777,Opera,Opera,NO_UNIQUE_KSH_NAME,,,,,
osm:n5217774778,n5217774778,Arany János utca,Arany János utca,NO_UNIQUE_KSH_NAME,,,,,
osm:n5217774779,n5217774779,Nyugati pályaudvar,Nyugati pályaudvar,NO_UNIQUE_KSH_NAME,,,,,
osm:n5217774780,n5217774780,Lehel tér,Lehel tér,NO_UNIQUE_KSH_NAME,,,,,
osm:n5217774781,n5217774781,Kelenföld vasútállomás,Kelenföld,NO_UNIQUE_KSH_NAME,,,,,
osm:n5217774782,n5217774782,Bikás park,Bikás park,NO_UNIQUE_KSH_NAME,,,,,
osm:n5217774783,n5217774783,Újbuda-központ,Újbuda-központ,NO_UNIQUE_KSH_NAME,,,,,
osm:n5217774784,n5217774784,Móricz Zsigmond körtér,Móricz Zsigmond körtér,NO_UNIQUE_KSH_NAME,,,,,
osm:n5217774785,n5217774785,Szent Gellért tér – Műegyetem,Szent Gellért tér – Műegyetem,NO_UNIQUE_KSH_NAME,,,,,
osm:n5217774787,n5217774787,Kálvin tér,Kálvin tér,NO_UNIQUE_KSH_NAME,,,,,
osm:n5217774788,n5217774788,Rákóczi tér,Rákóczi tér,NO_UNIQUE_KSH_NAME,,,,,
osm:n5217774789,n5217774789,II. János Pál pápa tér,II. János Pál pápa tér,NO_UNIQUE_KSH_NAME,,,,,
osm:n5217774790,n5217774790,Örs vezér tere,Örs vezér tere,NO_UNIQUE_KSH_NAME,,,,,
osm:n5217774791,n5217774791,Pillangó utca,Pillangó utca,NO_UNIQUE_KSH_NAME,,,,,
osm:n5217774792,n5217774792,Puskás Ferenc Stadion,Puskás Ferenc Stadion,NO_UNIQUE_KSH_NAME,,,,,
osm:n5217774793,n5217774793,Keleti pályaudvar,Keleti pályaudvar,NO_UNIQUE_KSH_NAME,,,,,
osm:n5217774795,n5217774795,Astoria,Astoria,NO_UNIQUE_KSH_NAME,,,,,
osm:n5217774796,n5217774796,Deák Ferenc tér,Deák Ferenc tér,NO_UNIQUE_KSH_NAME,,,,,
osm:n5217774797,n5217774797,Kossuth Lajos tér,Kossuth Lajos tér,NO_UNIQUE_KSH_NAME,,,,,
osm:n5217774798,n5217774798,Batthyány tér,Batthyány tér,NO_UNIQUE_KSH_NAME,,,,,
osm:n5217774799,n5217774799,Széll Kálmán tér,Széll Kálmán tér,NO_UNIQUE_KSH_NAME,,,,,
osm:n5217774800,n5217774800,Déli pályaudvar,Déli pályaudvar,NO_UNIQUE_KSH_NAME,,,,,
osm:n5217848809,n5217848809,Gyöngyösi utca,Gyöngyösi utca,NO_UNIQUE_KSH_NAME,,,,,
osm:n5217848810,n5217848810,Göncz Árpád városközpont,Göncz Árpád városközpont,NO_UNIQUE_KSH_NAME,,,,,
osm:n5217848811,n5217848811,Dózsa György út,Dózsa György út,NO_UNIQUE_KSH_NAME,,,,,
osm:n5217848812,n5217848812,Forgách utca,Forgách utca,NO_UNIQUE_KSH_NAME,,,,,
osm:n5217848813,n5217848813,Újpest-városkapu,Újpest-városkapu,NO_UNIQUE_KSH_NAME,,,,,
osm:n5237888497,n5237888497,Salgótarján külső,Salgótarján külső,NO_UNIQUE_KSH_NAME,,,,,
osm:n5258615751,n5258615751,Apc-Zagyvaszántó,Apc-Zagyvaszántó,NO_UNIQUE_KSH_NAME,,,,,
osm:n5258670625,n5258670625,Selyp,Selyp,NO_UNIQUE_KSH_NAME,,,,,
osm:n5262529317,n5262529317,Gecse-Gyarmat,Gecse-Gyarmat,NO_UNIQUE_KSH_NAME,,,,,
osm:n5294720346,n5294720346,Kisterenye-Bányatelep,Kisterenye-Bányatelep,NO_UNIQUE_KSH_NAME,,,,,
osm:n5300178888,n5300178888,Lenti ÁEV,Lenti ÁEV,NO_UNIQUE_KSH_NAME,,,,,
osm:n5333649460,n5333649460,Zánka-Köveskál,Zánka-Köveskál,NO_UNIQUE_KSH_NAME,,,,,
osm:n5435407497,n5435407497,Alcsútdoboz Arborétum,Alcsútdoboz Arborétum,NO_UNIQUE_KSH_NAME,,,,,
osm:n5435526474,n5435526474,Puskás Akadémia,Puskás Akadémia,NO_UNIQUE_KSH_NAME,,,,,
osm:n5463144596,n5463144596,Pörböly,Pörböly,NO_REFERENCED_LINE_WITHIN_LIMIT,33570,,,,
osm:n5474258782,n5474258782,Gemenc-Dunapart,Gemenc-Dunapart,NO_UNIQUE_KSH_NAME,,,,,
osm:n549344570,n549344570,Táborfalva-Fenyves rakodó,Táborfalva-Fenyves rakodó,NO_UNIQUE_KSH_NAME,,,,,
osm:n549344791,n549344791,Tócóvölgy,Tócóvölgy,NO_UNIQUE_KSH_NAME,,,,,
osm:n551213844,n551213844,Keszőhidegkút-Gyönk,Keszőhidegkút-Gyönk,NO_UNIQUE_KSH_NAME,,,,,
osm:n5589074564,n5589074564,Tököl,Tököl,NO_REFERENCED_LINE_WITHIN_LIMIT,29823,,,,
osm:n5589079417,n5589079417,Szigetszentmiklós alsó,Szigetszentmiklós alsó,NO_UNIQUE_KSH_NAME,,,,,
osm:n5599734083,n5599734083,Pusztapó,Pusztapó,NO_UNIQUE_KSH_NAME,,,,,
osm:n5599736000,n5599736000,Csugar,Csugar,NO_UNIQUE_KSH_NAME,,,,,
osm:n5599753631,n5599753631,Nagylapos,Nagylapos,NO_UNIQUE_KSH_NAME,,,,,
osm:n5625986025,n5625986025,Törökfái,Törökfái,NO_UNIQUE_KSH_NAME,,,,,
osm:n575887929,n575887929,Égerláp,Égerláp,NO_UNIQUE_KSH_NAME,,,,,
osm:n5879575010,n5879575010,Tőserdő,Tőserdő,NO_UNIQUE_KSH_NAME,,,,,
osm:n5972892361,n5972892361,Forró-Encs,Forró-Encs,NO_UNIQUE_KSH_NAME,,,,,
osm:n6053211920,n6053211920,Jámborka,Jámborka,NO_UNIQUE_KSH_NAME,,,,,
osm:n61086232,n61086232,Polgárdi-Ipartelepek,Polgárdi-Ipartelepek,NO_UNIQUE_KSH_NAME,,,,,
osm:n61086267,n61086267,Balatonfőkajár felső,Balatonfőkajár felső,NO_UNIQUE_KSH_NAME,,,,,
osm:n611874743,n611874743,Festetics Antal,Festetics Antal,NO_UNIQUE_KSH_NAME,,,,,
osm:n6137205675,n6137205675,Óbuda,Óbuda,NO_UNIQUE_KSH_NAME,,,,,
osm:n6137205676,n6137205676,Aranyvölgy,Aranyvölgy,NO_UNIQUE_KSH_NAME,,,,,
osm:n6150716889,n6150716889,Vasútmúzeum,Vasútmúzeum,NO_UNIQUE_KSH_NAME,,,,,
osm:n6167285150,n6167285150,Dévaványa,Dévaványa,NO_REFERENCED_LINE_WITHIN_LIMIT,24819,,,,
osm:n619127259,n619127259,Szakály-Hőgyész,Szakály-Hőgyész,NO_UNIQUE_KSH_NAME,,,,,
osm:n619127277,n619127277,Dunai Finomító,Dunai Finomító,NO_UNIQUE_KSH_NAME,,,,,
osm:n619723825,n619723825,Moha-Rakodó,Moha-Rakodó,NO_UNIQUE_KSH_NAME,,,,,
osm:n619723829,n619723829,Inárcs-Kakucs,Inárcs-Kakucs,NO_UNIQUE_KSH_NAME,,,,,
osm:n619723855,n619723855,Vasúttörténeti Park,Vasúttörténeti Park,NO_UNIQUE_KSH_NAME,,,,,
osm:n619786746,n619786746,Pesterzsébet mh. elágazás,Pesterzsébet mh. elágazás,NO_UNIQUE_KSH_NAME,,,,,
osm:n6284985778,n6284985778,Kisszénás,Kisszénás,NO_UNIQUE_KSH_NAME,,,,,
osm:n628589430,n628589430,Józsa,Józsa,NO_UNIQUE_KSH_NAME,,,,,
osm:n628589435,n628589435,Aradványpuszta,Aradványpuszta,NO_UNIQUE_KSH_NAME,,,,,
osm:n6345447451,n6345447451,Békásmegyer,Békásmegyer,NO_UNIQUE_KSH_NAME,,,,,
osm:n6347395095,n6347395095,Szentlélek tér,Szentlélek tér,NO_UNIQUE_KSH_NAME,,,,,
osm:n6347508738,n6347508738,Tímár utca,Tímár utca,NO_UNIQUE_KSH_NAME,,,,,
osm:n6347508739,n6347508739,Szépvölgyi út,Szépvölgyi út,NO_UNIQUE_KSH_NAME,,,,,
osm:n6347519924,n6347519924,"Margit híd, budai hídfő","Margit híd, budai hídfő",NO_UNIQUE_KSH_NAME,,,,,
osm:n6349828887,n6349828887,Filatorigát,Filatorigát,NO_UNIQUE_KSH_NAME,,,,,
osm:n6349828888,n6349828888,Kaszásdűlő,Kaszásdűlő,NO_UNIQUE_KSH_NAME,,,,,
osm:n6349834608,n6349834608,Csillaghegy,Csillaghegy,NO_UNIQUE_KSH_NAME,,,,,
osm:n6349834609,n6349834609,Rómaifürdő,Rómaifürdő,NO_UNIQUE_KSH_NAME,,,,,
osm:n6349834611,n6349834611,Aquincum,Aquincum,NO_UNIQUE_KSH_NAME,,,,,
osm:n6349837552,n6349837552,Budakalász,Budakalász,NO_REFERENCED_LINE_WITHIN_LIMIT,23463,,,,
osm:n6349840812,n6349840812,Szentistvántelep,Szentistvántelep,NO_UNIQUE_KSH_NAME,,,,,
osm:n6349841373,n6349841373,"Budakalász, Lenfonó","Budakalász, Lenfonó",NO_UNIQUE_KSH_NAME,,,,,
osm:n6349848367,n6349848367,Pomáz,Pomáz,NO_REFERENCED_LINE_WITHIN_LIMIT,06372,,,,
osm:n6349852055,n6349852055,Pannóniatelep,Pannóniatelep,NO_UNIQUE_KSH_NAME,,,,,
osm:n6349856961,n6349856961,Szentendre,Szentendre,NO_REFERENCED_LINE_WITHIN_LIMIT,15440,,,,
osm:n6350559592,n6350559592,Szélhegy,Szélhegy,NO_UNIQUE_KSH_NAME,,,,,
osm:n6350568628,n6350568628,Vörösvárbánya,Vörösvárbánya,NO_UNIQUE_KSH_NAME,,,,,
osm:n6350592155,n6350592155,Esztergom-Kertváros,Esztergom-Kertváros,NO_UNIQUE_KSH_NAME,,,,,
osm:n6354445897,n6354445897,Balatonszéplak alsó,Balatonszéplak alsó,NO_UNIQUE_KSH_NAME,,,,,
osm:n6354450614,n6354450614,Balatonszéplak felső,Balatonszéplak felső,NO_UNIQUE_KSH_NAME,,,,,
osm:n6354674087,n6354674087,Hűvösvölgy,Hűvösvölgy,NO_UNIQUE_KSH_NAME,,,,,
osm:n6354676965,n6354676965,Virágvölgy,Virágvölgy,NO_UNIQUE_KSH_NAME,,,,,
osm:n6354683659,n6354683659,Hárshegy,Hárshegy,NO_UNIQUE_KSH_NAME,,,,,
osm:n6354687156,n6354687156,Szépjuhászné,Szépjuhászné,NO_UNIQUE_KSH_NAME,,,,,
osm:n6354693345,n6354693345,Jánoshegy,Jánoshegy,NO_UNIQUE_KSH_NAME,,,,,
osm:n6354697900,n6354697900,Csillebérc,Csillebérc,NO_UNIQUE_KSH_NAME,,,,,
osm:n6354701370,n6354701370,Széchenyihegy,Széchenyihegy,NO_UNIQUE_KSH_NAME,,,,,
osm:n6361294640,n6361294640,Újpest,Újpest,NO_UNIQUE_KSH_NAME,,,,,
osm:n6365349744,n6365349744,Zamárdi felső,Zamárdi felső,NO_UNIQUE_KSH_NAME,,,,,
osm:n6365361929,n6365361929,Szabadisóstó,Szabadisóstó,NO_UNIQUE_KSH_NAME,,,,,
osm:n6365601881,n6365601881,Szigetszentmiklós,Szigetszentmiklós,NO_REFERENCED_LINE_WITHIN_LIMIT,28954,,,,
osm:n6372285730,n6372285730,Újpest-központ,Újpest-központ,NO_UNIQUE_KSH_NAME,,,,,
osm:n6376038704,n6376038704,Fővám tér,Fővám tér,NO_UNIQUE_KSH_NAME,,,,,
osm:n6383721768,n6383721768,Főbejárat,Főbejárat,NO_UNIQUE_KSH_NAME,,,,,
osm:n6383904669,n6383904669,Fertőboz-Fűtőház,Fertőboz-Fűtőház,NO_UNIQUE_KSH_NAME,,,,,
osm:n6407374805,n6407374805,Örs vezér tere,Örs vezér tere,NO_UNIQUE_KSH_NAME,,,,,
osm:n6486121484,n6486121484,Háros,Háros,NO_UNIQUE_KSH_NAME,,,,,
osm:n6491117646,n6491117646,Albertfalva,Albertfalva,NO_UNIQUE_KSH_NAME,,,,,
osm:n6503462456,n6503462456,Blaha Lujza tér,Blaha Lujza tér,NO_UNIQUE_KSH_NAME,,,,,
osm:n6524784304,n6524784304,Zugló,Zugló,NO_UNIQUE_KSH_NAME,,,,,
osm:n6532179926,n6532179926,Rákoscsaba,Rákoscsaba,NO_UNIQUE_KSH_NAME,,,,,
osm:n6550922632,n6550922632,Kálvin tér,Kálvin tér,NO_UNIQUE_KSH_NAME,,,,,
osm:n6550925567,n6550925567,Keleti pályaudvar,Keleti pályaudvar,NO_UNIQUE_KSH_NAME,,,,,
osm:n6558553216,n6558553216,Hernádnémeti-Bőcs,Hernádnémeti-Bőcs,NO_UNIQUE_KSH_NAME,,,,,
osm:n6607085789,n6607085789,Nagyicce,Nagyicce,NO_UNIQUE_KSH_NAME,,,,,
osm:n6607085790,n6607085790,Szentjakab,Szentjakab,NO_UNIQUE_KSH_NAME,,,,,
osm:n6607085791,n6607085791,Szilasliget,Szilasliget,NO_UNIQUE_KSH_NAME,,,,,
osm:n6607085792,n6607085792,Ilonatelep,Ilonatelep,NO_UNIQUE_KSH_NAME,,,,,
osm:n6607085793,n6607085793,Árpádföld,Árpádföld,NO_UNIQUE_KSH_NAME,,,,,
osm:n6607085794,n6607085794,Sashalom,Sashalom,NO_UNIQUE_KSH_NAME,,,,,
osm:n6607085795,n6607085795,Szabadságtelep,Szabadságtelep,NO_UNIQUE_KSH_NAME,,,,,
osm:n6607085796,n6607085796,Rákosfalva,Rákosfalva,NO_UNIQUE_KSH_NAME,,,,,
osm:n6607085797,n6607085797,Zsófialiget,Zsófialiget,NO_UNIQUE_KSH_NAME,,,,,
osm:n6607085798,n6607085798,Mátyásföld alsó,Mátyásföld alsó,NO_UNIQUE_KSH_NAME,,,,,
osm:n6607085799,n6607085799,Kerepes,Kerepes,NO_REFERENCED_LINE_WITHIN_LIMIT,34166,,,,
osm:n6607085800,n6607085800,"Gödöllő, Erzsébet park","Gödöllő, Erzsébet park",NO_UNIQUE_KSH_NAME,,,,,
osm:n6607085801,n6607085801,"Gödöllő, Palotakert","Gödöllő, Palotakert",NO_UNIQUE_KSH_NAME,,,,,
osm:n6607085802,n6607085802,"Mátyásföld, repülőtér","Mátyásföld, repülőtér",NO_UNIQUE_KSH_NAME,,,,,
osm:n6607085803,n6607085803,"Kistarcsa, kórház","Kistarcsa, kórház",NO_UNIQUE_KSH_NAME,,,,,
osm:n6607085804,n6607085804,Cinkota,Cinkota,NO_UNIQUE_KSH_NAME,,,,,
osm:n6607085805,n6607085805,Cinkota alsó,Cinkota alsó,NO_UNIQUE_KSH_NAME,,,,,
osm:n6607085806,n6607085806,Mogyoród,Mogyoród,NO_REFERENCED_LINE_WITHIN_LIMIT,17783,,,,
osm:n6607085807,n6607085807,Csömör,Csömör,NO_REFERENCED_LINE_WITHIN_LIMIT,22804,,,,
osm:n6607085808,n6607085808,"Gödöllő, Szabadság tér","Gödöllő, Szabadság tér",NO_UNIQUE_KSH_NAME,,,,,
osm:n6607085809,n6607085809,"Mátyásföld, Imre utca","Mátyásföld, Imre utca",NO_UNIQUE_KSH_NAME,,,,,
osm:n6607085810,n6607085810,Kistarcsa,Kistarcsa,NO_REFERENCED_LINE_WITHIN_LIMIT,34157,,,,
osm:n6681338676,n6681338676,Csepel,Csepel,NO_UNIQUE_KSH_NAME,,,,,
osm:n6694680311,n6694680311,Kőbánya felső,Kőbánya felső,NO_UNIQUE_KSH_NAME,,,,,
osm:n6697934934,n6697934934,Angyalisziget,Angyalisziget,NO_UNIQUE_KSH_NAME,,,,,
osm:n6697934935,n6697934935,Horgásztanyák,Horgásztanyák,NO_UNIQUE_KSH_NAME,,,,,
osm:n6697934936,n6697934936,Szigetszentmárton-Szigetújfalu,Szigetszentmárton-Szigetújfalu,NO_UNIQUE_KSH_NAME,,,,,
osm:n6697934937,n6697934937,Szigetcsép,Szigetcsép,NO_REFERENCED_LINE_WITHIN_LIMIT,07870,,,,
osm:n6697934938,n6697934938,Szigetszentmiklós-Gyártelep,Szigetszentmiklós-Gyártelep,NO_UNIQUE_KSH_NAME,,,,,
osm:n6712170720,n6712170720,Rákos,Rákos,NO_UNIQUE_KSH_NAME,,,,,
osm:n6736760614,n6736760614,Máriabesnyő,Máriabesnyő,NO_UNIQUE_KSH_NAME,,,,,
osm:n6738632408,n6738632408,Rákoscsaba-Újtelep,Rákoscsaba-Újtelep,NO_UNIQUE_KSH_NAME,,,,,
osm:n6842660421,n6842660421,Győrszentiván,Győrszentiván,NO_UNIQUE_KSH_NAME,,,,,
osm:n685038262,n685038262,Barátság,Barátság,NO_UNIQUE_KSH_NAME,,,,,
osm:n685038295,n685038295,Nádtelep,Nádtelep,NO_UNIQUE_KSH_NAME,,,,,
osm:n685038306,n685038306,Kastély (Nagycenk),Kastély (Nagycenk),NO_UNIQUE_KSH_NAME,,,,,
osm:n6854258701,n6854258701,Budafok,Budafok,NO_UNIQUE_KSH_NAME,,,,,
osm:n6854286842,n6854286842,Érd alsó,Érd alsó,NO_UNIQUE_KSH_NAME,,,,,
osm:n687024276,n687024276,Mogersdorf,Mogersdorf,NO_UNIQUE_KSH_NAME,,,,,
osm:n6906616674,n6906616674,Győr-Gyárváros,Győr-Gyárváros,NO_UNIQUE_KSH_NAME,,,,,
osm:n6908568699,n6908568699,Máriaszőlőtelep,Máriaszőlőtelep,NO_UNIQUE_KSH_NAME,,,,,
osm:n6909523420,n6909523420,3 км,3 км,NO_UNIQUE_KSH_NAME,,,,,
osm:n6952522100,n6952522100,Rákosliget,Rákosliget,NO_UNIQUE_KSH_NAME,,,,,
osm:n6974099854,n6974099854,Müpa - Nemzeti Színház,Müpa - Nemzeti Színház,NO_UNIQUE_KSH_NAME,,,,,
osm:n6974099855,n6974099855,Boráros tér,Boráros tér,NO_UNIQUE_KSH_NAME,,,,,
osm:n6974122716,n6974122716,Deák Ferenc tér,Deák Ferenc tér,NO_UNIQUE_KSH_NAME,,,,,
osm:n6974122717,n6974122717,Deák Ferenc tér,Deák Ferenc tér,NO_UNIQUE_KSH_NAME,,,,,
osm:n6990971884,n6990971884,Pesterzsébet felső,Pesterzsébet felső,NO_UNIQUE_KSH_NAME,,,,,
osm:n6990991440,n6990991440,Karácsony Sándor utca,Karácsony Sándor utca,NO_UNIQUE_KSH_NAME,,,,,
osm:n6990992039,n6990992039,Szent Imre tér,Szent Imre tér,NO_UNIQUE_KSH_NAME,,,,,
osm:n6990997891,n6990997891,Szabadkikötő,Szabadkikötő,NO_UNIQUE_KSH_NAME,,,,,
osm:n7016692192,n7016692192,Ferencváros,Ferencváros,NO_UNIQUE_KSH_NAME,,,,,
osm:n7041637621,n7041637621,Akadémiaújtelep,Akadémiaújtelep,NO_UNIQUE_KSH_NAME,,,,,
osm:n7054973732,n7054973732,Hódmezővásárhelyi Népkert,Hódmezővásárhelyi Népkert,NO_UNIQUE_KSH_NAME,,,,,
osm:n7084525024,n7084525024,Soroksár,Soroksár,NO_UNIQUE_KSH_NAME,,,,,
osm:n7084553530,n7084553530,Rákoshegy,Rákoshegy,NO_UNIQUE_KSH_NAME,,,,,
osm:n71481263,n71481263,Hajmáskér-Újtelep,Hajmáskér-Újtelep,NO_UNIQUE_KSH_NAME,,,,,
osm:n71526160,n71526160,Városlőd-Kislőd,Városlőd-Kislőd,NO_UNIQUE_KSH_NAME,,,,,
osm:n71526268,n71526268,Ajka-Gyártelep,Ajka-Gyártelep,NO_UNIQUE_KSH_NAME,,,,,
osm:n7167426891,n7167426891,Acsa-Erdőkürt,Acsa-Erdőkürt,NO_UNIQUE_KSH_NAME,,,,,
osm:n7203890765,n7203890765,Újpalota,Újpalota,NO_UNIQUE_KSH_NAME,,,,,
osm:n7214776436,n7214776436,Angyalföld,Angyalföld,NO_UNIQUE_KSH_NAME,,,,,
osm:n7248589323,n7248589323,Közvágóhíd,Közvágóhíd,NO_UNIQUE_KSH_NAME,,,,,
osm:n7248617430,n7248617430,Kén utca,Kén utca,NO_UNIQUE_KSH_NAME,,,,,
osm:n7251538928,n7251538928,Torontál utca,Torontál utca,NO_UNIQUE_KSH_NAME,,,,,
osm:n7251552805,n7251552805,Szent István utca,Szent István utca,NO_UNIQUE_KSH_NAME,,,,,
osm:n7251565401,n7251565401,Soroksár felső,Soroksár felső,NO_UNIQUE_KSH_NAME,,,,,
osm:n7251571254,n7251571254,"Soroksár, Hősök tere","Soroksár, Hősök tere",NO_UNIQUE_KSH_NAME,,,,,
osm:n7251592650,n7251592650,Dunaharaszti felső,Dunaharaszti felső,NO_UNIQUE_KSH_NAME,,,,,
osm:n7251595708,n7251595708,Millenniumtelep,Millenniumtelep,NO_UNIQUE_KSH_NAME,,,,,
osm:n7251611441,n7251611441,Szigethalom,Szigethalom,NO_REFERENCED_LINE_WITHIN_LIMIT,13277,,,,
osm:n7251614790,n7251614790,József Attila-telep,József Attila-telep,NO_UNIQUE_KSH_NAME,,,,,
osm:n7251616133,n7251616133,Dunaharaszti külső,Dunaharaszti külső,NO_UNIQUE_KSH_NAME,,,,,
osm:n7251628006,n7251628006,Szigethalom alsó,Szigethalom alsó,NO_UNIQUE_KSH_NAME,,,,,
osm:n7251642634,n7251642634,Ráckeve,Ráckeve,NO_REFERENCED_LINE_WITHIN_LIMIT,17260,,,,
osm:n7278436823,n7278436823,Becske alsó,Becske alsó,NO_UNIQUE_KSH_NAME,,,,,
osm:n7278436824,n7278436824,Iklad-Domony felső,Iklad-Domony felső,NO_UNIQUE_KSH_NAME,,,,,
osm:n7278436825,n7278436825,Iklad-Domony,Iklad-Domony,NO_UNIQUE_KSH_NAME,,,,,
osm:n7281105662,n7281105662,Ráróspuszta,Ráróspuszta,NO_UNIQUE_KSH_NAME,,,,,
osm:n7332758945,n7332758945,Vízimalom,Vízimalom,NO_UNIQUE_KSH_NAME,,,,,
osm:n7332758946,n7332758946,Kovácsműhely,Kovácsműhely,NO_UNIQUE_KSH_NAME,,,,,
osm:n7332758947,n7332758947,Sztaravoda-patak,Sztaravoda-patak,NO_UNIQUE_KSH_NAME,,,,,
osm:n7332758948,n7332758948,Harangláb,Harangláb,NO_UNIQUE_KSH_NAME,,,,,
osm:n7332758949,n7332758949,Néprajzi látványtár,Néprajzi látványtár,NO_UNIQUE_KSH_NAME,,,,,
osm:n73838717,n73838717,Nyírlak,Nyírlak,NO_UNIQUE_KSH_NAME,,,,,
osm:n73838764,n73838764,Sümegi Bazaltbánya,Sümegi Bazaltbánya,NO_UNIQUE_KSH_NAME,,,,,
osm:n73838831,n73838831,Uzsabánya alsó,Uzsabánya alsó,NO_UNIQUE_KSH_NAME,,,,,
osm:n7399458407,n7399458407,Sződ-Sződliget,Sződ-Sződliget,NO_UNIQUE_KSH_NAME,,,,,
osm:n748766808,n748766808,Budapest-Déli,Budapest-Déli,NO_UNIQUE_KSH_NAME,,,,,
osm:n7512248964,n7512248964,Zalaegerszeg-Ola,Zalaegerszeg-Ola,NO_UNIQUE_KSH_NAME,,,,,
osm:n765894082,n765894082,Gencsapáti alsó,Gencsapáti alsó,NO_UNIQUE_KSH_NAME,,,,,
osm:n7683964612,n7683964612,Šahy,Šahy,NO_UNIQUE_KSH_NAME,,,,,
osm:n77881793,n77881793,Csittényhegy,Csittényhegy,NO_UNIQUE_KSH_NAME,,,,,
osm:n7792439506,n7792439506,Aquincum,Aquincum,NO_UNIQUE_KSH_NAME,,,,,
osm:n7792484799,n7792484799,Batthyány tér,Batthyány tér,NO_UNIQUE_KSH_NAME,,,,,
osm:n801053660,n801053660,Dunaújváros külső,Dunaújváros külső,NO_UNIQUE_KSH_NAME,,,,,
osm:n80221086,n80221086,Nemesgulács-Kisapáti,Nemesgulács-Kisapáti,NO_UNIQUE_KSH_NAME,,,,,
osm:n80221090,n80221090,Badacsonytördemic-Szigliget,Badacsonytördemic-Szigliget,NO_UNIQUE_KSH_NAME,,,,,
osm:n80221094,n80221094,Badacsonylábdihegy,Badacsonylábdihegy,NO_UNIQUE_KSH_NAME,,,,,
osm:n80221098,n80221098,Badacsony,Badacsony,NO_UNIQUE_KSH_NAME,,,,,
osm:n80221109,n80221109,Szepezdfürdő,Szepezdfürdő,NO_UNIQUE_KSH_NAME,,,,,
osm:n80221127,n80221127,Zánka-Erzsébettábor,Zánka-Erzsébettábor,NO_UNIQUE_KSH_NAME,,,,,
osm:n80221134,n80221134,Balatonakali-Dörgicse,Balatonakali-Dörgicse,NO_UNIQUE_KSH_NAME,,,,,
osm:n80221141,n80221141,Fövenyes,Fövenyes,NO_UNIQUE_KSH_NAME,,,,,
osm:n80221180,n80221180,Balatonarács,Balatonarács,NO_UNIQUE_KSH_NAME,,,,,
osm:n80221196,n80221196,Káptalanfüred,Káptalanfüred,NO_UNIQUE_KSH_NAME,,,,,
osm:n8371157148,n8371157148,Balatonaliga,Balatonaliga,NO_UNIQUE_KSH_NAME,,,,,
osm:n8371157152,n8371157152,Biri,Biri,NO_REFERENCED_LINE_WITHIN_LIMIT,02945,,,,
osm:n8373790224,n8373790224,Kisrárós,Kisrárós,NO_UNIQUE_KSH_NAME,,,,,
osm:n8388835004,n8388835004,Kőbánya alsó,Kőbánya alsó,NO_UNIQUE_KSH_NAME,,,,,
osm:n8388835005,n8388835005,Kispest,Kispest,NO_UNIQUE_KSH_NAME,,,,,
osm:n8388835006,n8388835006,Pestszentimre felső,Pestszentimre felső,NO_UNIQUE_KSH_NAME,,,,,
osm:n8388835011,n8388835011,Pestszentimre,Pestszentimre,NO_UNIQUE_KSH_NAME,,,,,
osm:n8398445191,n8398445191,Kecskemét alsó,Kecskemét alsó,NO_UNIQUE_KSH_NAME,,,,,
osm:n8399367686,n8399367686,Nagymacs,Nagymacs,NO_UNIQUE_KSH_NAME,,,,,
osm:n8406757171,n8406757171,Pestszentlőrinc,Pestszentlőrinc,NO_UNIQUE_KSH_NAME,,,,,
osm:n8417524963,n8417524963,Sáránd,Sáránd,NO_REFERENCED_LINE_WITHIN_LIMIT,25007,,,,
osm:n8420221585,n8420221585,Klotildliget,Klotildliget,NO_UNIQUE_KSH_NAME,,,,,
osm:n8420247258,n8420247258,Szabadságliget,Szabadságliget,NO_UNIQUE_KSH_NAME,,,,,
osm:n8420248870,n8420248870,Magdolnavölgy,Magdolnavölgy,NO_UNIQUE_KSH_NAME,,,,,
osm:n8420278688,n8420278688,Rákosrendező,Rákosrendező,NO_UNIQUE_KSH_NAME,,,,,
osm:n8428504702,n8428504702,Pálháza-Ipartelep,Pálháza-Ipartelep,NO_UNIQUE_KSH_NAME,,,,,
osm:n8434997976,n8434997976,Almásfüzitő felső,Almásfüzitő felső,NO_UNIQUE_KSH_NAME,,,,,
osm:n8435054099,n8435054099,Szőny,Szőny,NO_UNIQUE_KSH_NAME,,,,,
osm:n8437402361,n8437402361,Nyergesújfalu felső,Nyergesújfalu felső,NO_UNIQUE_KSH_NAME,,,,,
osm:n8437402362,n8437402362,Eternitgyár,Eternitgyár,NO_UNIQUE_KSH_NAME,,,,,
osm:n8437402365,n8437402365,Piszke,Piszke,NO_UNIQUE_KSH_NAME,,,,,
osm:n8437402367,n8437402367,Süttő felső,Süttő felső,NO_UNIQUE_KSH_NAME,,,,,
osm:n8437402368,n8437402368,Várhegyalja,Várhegyalja,NO_UNIQUE_KSH_NAME,,,,,
osm:n8437526244,n8437526244,Szárazrét,Szárazrét,NO_UNIQUE_KSH_NAME,,,,,
osm:n8437554628,n8437554628,Szőny-Déli,Szőny-Déli,NO_UNIQUE_KSH_NAME,,,,,
osm:n8440432930,n8440432930,Bánhida,Bánhida,NO_UNIQUE_KSH_NAME,,,,,
osm:n8440432943,n8440432943,Kecskéd alsó,Kecskéd alsó,NO_UNIQUE_KSH_NAME,,,,,
osm:n8458047285,n8458047285,Balatonlelle felső,Balatonlelle felső,NO_UNIQUE_KSH_NAME,,,,,
osm:n8458084206,n8458084206,Fonyódliget,Fonyódliget,NO_UNIQUE_KSH_NAME,,,,,
osm:n8517780136,n8517780136,Polgárdi-Tekerespuszta,Polgárdi-Tekerespuszta,NO_UNIQUE_KSH_NAME,,,,,
osm:n8517780137,n8517780137,Kiscséripuszta,Kiscséripuszta,NO_UNIQUE_KSH_NAME,,,,,
osm:n8518620737,n8518620737,Ferihegy,Ferihegy,NO_UNIQUE_KSH_NAME,,,,,
osm:n8518689663,n8518689663,Budai út,Budai út,NO_UNIQUE_KSH_NAME,,,,,
osm:n8529977510,n8529977510,Érd felső,Érd felső,NO_UNIQUE_KSH_NAME,,,,,
osm:n8530031030,n8530031030,Barosstelep,Barosstelep,NO_UNIQUE_KSH_NAME,,,,,
osm:n8530038203,n8530038203,Nagytétény-Diósd,Nagytétény-Diósd,NO_UNIQUE_KSH_NAME,,,,,
osm:n8530053325,n8530053325,Budatétény,Budatétény,NO_UNIQUE_KSH_NAME,,,,,
osm:n8560083768,n8560083768,Érdliget,Érdliget,NO_UNIQUE_KSH_NAME,,,,,
osm:n8862293373,n8862293373,Kistolmácsi-tó,Kistolmácsi-tó,NO_UNIQUE_KSH_NAME,,,,,
osm:n8880588086,n8880588086,Dinnyés,Dinnyés,NO_UNIQUE_KSH_NAME,,,,,
osm:n8880619122,n8880619122,Agárd,Agárd,NO_UNIQUE_KSH_NAME,,,,,
osm:n8880621971,n8880621971,Velencefürdő,Velencefürdő,NO_UNIQUE_KSH_NAME,,,,,
osm:n8893475090,n8893475090,Alsógalla,Alsógalla,NO_UNIQUE_KSH_NAME,,,,,
osm:n8925624383,n8925624383,Táska forgalmi kitérő,Táska forgalmi kitérő,NO_UNIQUE_KSH_NAME,,,,,
osm:n9168441736,n9168441736,Belsőperegpuszta,Belsőperegpuszta,NO_UNIQUE_KSH_NAME,,,,,
osm:n91711539,n91711539,Lébény-Mosonszentmiklós,Lébény-Mosonszentmiklós,NO_UNIQUE_KSH_NAME,,,,,
osm:n9197583657,n9197583657,Találkozások háza,Találkozások háza,NO_UNIQUE_KSH_NAME,,,,,
osm:n9197583658,n9197583658,Kilátó,Kilátó,NO_UNIQUE_KSH_NAME,,,,,
osm:n9212469726,n9212469726,Kastélypark,Kastélypark,NO_UNIQUE_KSH_NAME,,,,,
osm:n9212469727,n9212469727,Tétényliget,Tétényliget,NO_UNIQUE_KSH_NAME,,,,,
osm:n9212499233,n9212499233,Bicske alsó,Bicske alsó,NO_UNIQUE_KSH_NAME,,,,,
osm:n9212499235,n9212499235,Tóvároskert,Tóvároskert,NO_UNIQUE_KSH_NAME,,,,,
osm:n9241199503,n9241199503,Mátrafüred,Mátrafüred,NO_UNIQUE_KSH_NAME,,,,,
osm:n92752175,n92752175,Alsógyenes,Alsógyenes,NO_UNIQUE_KSH_NAME,,,,,
osm:n92752325,n92752325,Becehegy,Becehegy,NO_UNIQUE_KSH_NAME,,,,,
osm:n929923092,n929923092,Szeged-Rókus,Szeged-Rókus,NO_UNIQUE_KSH_NAME,,,,,
osm:n9322082555,n9322082555,Börgönd,Börgönd,NO_UNIQUE_KSH_NAME,,,,,
osm:n9323345409,n9323345409,Morgó,Morgó,NO_UNIQUE_KSH_NAME,,,,,
osm:n9323345411,n9323345411,Paphegy,Paphegy,NO_UNIQUE_KSH_NAME,,,,,
osm:n9323345412,n9323345412,Királyrét,Királyrét,NO_UNIQUE_KSH_NAME,,,,,
osm:n9323381277,n9323381277,Szalajka-Fátyol-vízesés,Szalajka-Fátyol-vízesés,NO_UNIQUE_KSH_NAME,,,,,
osm:n9323381278,n9323381278,Szalajka-Halastó,Szalajka-Halastó,NO_UNIQUE_KSH_NAME,,,,,
osm:n9323381279,n9323381279,Szalajka-Fatelep,Szalajka-Fatelep,NO_UNIQUE_KSH_NAME,,,,,
osm:n9323403674,n9323403674,"Miskolc, Dorottya utca","Miskolc, Dorottya utca",NO_UNIQUE_KSH_NAME,,,,,
osm:n9323403675,n9323403675,Garadna,Garadna,NO_REFERENCED_LINE_WITHIN_LIMIT,10904,,,,
osm:n9334329081,n9334329081,Kál-Kápolna,Kál-Kápolna,NO_UNIQUE_KSH_NAME,,,,,
osm:n93548551,n93548551,Szil-Sopronnémeti,Szil-Sopronnémeti,NO_UNIQUE_KSH_NAME,,,,,
osm:n93800920,n93800920,Hanság-Nagyerdő,Hanság-Nagyerdő,NO_UNIQUE_KSH_NAME,,,,,
osm:n93800921,n93800921,Hanságliget,Hanságliget,NO_UNIQUE_KSH_NAME,,,,,
osm:n93800927,n93800927,Magyarkeresztúr-Zsebeháza,Magyarkeresztúr-Zsebeháza,NO_UNIQUE_KSH_NAME,,,,,
osm:n93800928,n93800928,Páli-Vadosfa,Páli-Vadosfa,NO_UNIQUE_KSH_NAME,,,,,
osm:n93800930,n93800930,Vica,Vica,NO_UNIQUE_KSH_NAME,,,,,
osm:n93800949,n93800949,Ölbő-Alsószeleste,Ölbő-Alsószeleste,NO_UNIQUE_KSH_NAME,,,,,
osm:n94074329,n94074329,Vasvár,Vasvár,NO_REFERENCED_LINE_WITHIN_LIMIT,04695,,,,
osm:n94074423,n94074423,Egervár-Vasboldogasszony,Egervár-Vasboldogasszony,NO_UNIQUE_KSH_NAME,,,,,
osm:n94074457,n94074457,Sorkifalud,Sorkifalud,NO_REFERENCED_LINE_WITHIN_LIMIT,07171,,,,
osm:n94074458,n94074458,Szentléránt,Szentléránt,NO_UNIQUE_KSH_NAME,,,,,
osm:n94074460,n94074460,Püspökmolnári,Püspökmolnári,NO_REFERENCED_LINE_WITHIN_LIMIT,07278,,,,
osm:n94074463,n94074463,Pácsony,Pácsony,NO_REFERENCED_LINE_WITHIN_LIMIT,07162,,,,
osm:n94074464,n94074464,Győrvár,Győrvár,NO_REFERENCED_LINE_WITHIN_LIMIT,09724,,,,
osm:n94074467,n94074467,Zalaszentlőrinc,Zalaszentlőrinc,NO_REFERENCED_LINE_WITHIN_LIMIT,13301,,,,
osm:n94290556,n94290556,Pötréte,Pötréte,NO_REFERENCED_LINE_WITHIN_LIMIT,24660,,,,
osm:n94290568,n94290568,Felsőrajk,Felsőrajk,NO_REFERENCED_LINE_WITHIN_LIMIT,21476,,,,
osm:n94290645,n94290645,Gelse,Gelse,NO_REFERENCED_LINE_WITHIN_LIMIT,12089,,,,
osm:n94290650,n94290650,Zalaszentmihály-Pacsa,Zalaszentmihály-Pacsa,NO_UNIQUE_KSH_NAME,,,,,
osm:n94290654,n94290654,Nagykapornak,Nagykapornak,NO_REFERENCED_LINE_WITHIN_LIMIT,20589,,,,
osm:n9448488925,n9448488925,Tiszafüred-Gyártelep,Tiszafüred-Gyártelep,NO_UNIQUE_KSH_NAME,,,,,
osm:n94743562,n94743562,Jákó-Nagybajom,Jákó-Nagybajom,NO_UNIQUE_KSH_NAME,,,,,
osm:n94743605,n94743605,Zrínyitelep,Zrínyitelep,NO_UNIQUE_KSH_NAME,,,,,
osm:n94743618,n94743618,Kaposszentjakab,Kaposszentjakab,NO_UNIQUE_KSH_NAME,,,,,
osm:n9480323206,n9480323206,Papkeszi,Papkeszi,NO_REFERENCED_LINE_WITHIN_LIMIT,07348,,,,
osm:n9480323207,n9480323207,Nagytétény,Nagytétény,NO_UNIQUE_KSH_NAME,,,,,
osm:n9480407140,n9480407140,Csajág felső,Csajág felső,NO_UNIQUE_KSH_NAME,,,,,
osm:n9480407141,n9480407141,Küngös,Küngös,NO_REFERENCED_LINE_WITHIN_LIMIT,04066,,,,
osm:n9480407142,n9480407142,Berhida,Berhida,NO_REFERENCED_LINE_WITHIN_LIMIT,33127,,,,
osm:n9480407148,n9480407148,Badacsonyörs,Badacsonyörs,NO_UNIQUE_KSH_NAME,,,,,
osm:n9480413778,n9480413778,Recsk-Kőrakodó,Recsk-Kőrakodó,NO_UNIQUE_KSH_NAME,,,,,
osm:n9480413788,n9480413788,Recsk-Parádfürdő,Recsk-Parádfürdő,NO_UNIQUE_KSH_NAME,,,,,
osm:n9480463719,n9480463719,Maroshegy,Maroshegy,NO_UNIQUE_KSH_NAME,,,,,
osm:n9480463720,n9480463720,Szabadifürdő,Szabadifürdő,NO_UNIQUE_KSH_NAME,,,,,
osm:n9480929156,n9480929156,Miskolc-Repülőtér,Miskolc-Repülőtér,NO_UNIQUE_KSH_NAME,,,,,
osm:n9481003170,n9481003170,Piroska-Gyártelep,Piroska-Gyártelep,NO_UNIQUE_KSH_NAME,,,,,
osm:n9481153350,n9481153350,Rákospalota-Újpest,Rákospalota-Újpest,NO_UNIQUE_KSH_NAME,,,,,
osm:n9481153359,n9481153359,Kiskunmajsa KK,Kiskunmajsa KK,NO_UNIQUE_KSH_NAME,,,,,
osm:n9481153370,n9481153370,Ágerdőmajor,Ágerdőmajor,NO_UNIQUE_KSH_NAME,,,,,
osm:n9481638129,n9481638129,Eger Téglagyár,Eger Téglagyár,NO_UNIQUE_KSH_NAME,,,,,
osm:n9481731647,n9481731647,Középrigóc,Középrigóc,NO_UNIQUE_KSH_NAME,,,,,
osm:n9483069313,n9483069313,Kőbánya-Kispest,Kőbánya-Kispest,NO_UNIQUE_KSH_NAME,,,,,
osm:n9498572327,n9498572327,Nagyigmánd-Bábolna,Nagyigmánd-Bábolna,NO_UNIQUE_KSH_NAME,,,,,
osm:n95036504,n95036504,Répáspuszta,Répáspuszta,NO_UNIQUE_KSH_NAME,,,,,
osm:n95043903,n95043903,Sióvölgy,Sióvölgy,NO_UNIQUE_KSH_NAME,,,,,
osm:n95043907,n95043907,Som-Nagyberény,Som-Nagyberény,NO_UNIQUE_KSH_NAME,,,,,
osm:n95043933,n95043933,Daránypuszta,Daránypuszta,NO_UNIQUE_KSH_NAME,,,,,
osm:n95043979,n95043979,Toponár,Toponár,NO_UNIQUE_KSH_NAME,,,,,
osm:n9522199480,n9522199480,Mereta rakodó,Mereta rakodó,NO_UNIQUE_KSH_NAME,,,,,
osm:n9629540519,n9629540519,Sárpentele,Sárpentele,NO_UNIQUE_KSH_NAME,,,,,
osm:n9819657204,n9819657204,Almár,Almár,NO_UNIQUE_KSH_NAME,,,,,
osm:n9819657206,n9819657206,Tardosi Kőbányák,Tardosi Kőbányák,NO_UNIQUE_KSH_NAME,,,,,
osm:n9819657207,n9819657207,Szilvásvárad-Szalajkavölgy,Szilvásvárad-Szalajkavölgy,NO_UNIQUE_KSH_NAME,,,,,
osm:n9836163221,n9836163221,Monostorpályi,Monostorpályi,NO_REFERENCED_LINE_WITHIN_LIMIT,25894,,,,
osm:n9836163222,n9836163222,Hosszúpályi,Hosszúpályi,NO_REFERENCED_LINE_WITHIN_LIMIT,06266,,,,
osm:n9836163223,n9836163223,Hajdúbagos,Hajdúbagos,NO_REFERENCED_LINE_WITHIN_LIMIT,26170,,,,
osm:n9849963679,n9849963679,Mátéházapuszta,Mátéházapuszta,NO_UNIQUE_KSH_NAME,,,,,
osm:n9849963680,n9849963680,Bácsbokod-Bácsborsód,Bácsbokod-Bácsborsód,NO_UNIQUE_KSH_NAME,,,,,
osm:n9849963681,n9849963681,Almás,Almás,NO_UNIQUE_KSH_NAME,,,,,
osm:n9849963685,n9849963685,Erdőszél,Erdőszél,NO_UNIQUE_KSH_NAME,,,,,
osm:n9974664546,n9974664546,Abonyi út,Abonyi út,NO_UNIQUE_KSH_NAME,,,,,
