ksh_code,settlement_name,county_name,line_code,line_name,service_area,service_area_id,status,reason
01508,Ipolyszög,Nógrád,75,75. számú vasútvonal,Miskolc,8b519923-a683-4c0a-a522-f85192a22109,ASSIGNED_GEOGRAPHIC,COUNTY_RULE
01526,Somoskőújfalu,Nógrád,81,81. számú vasútvonal,Miskolc,8b519923-a683-4c0a-a522-f85192a22109,ASSIGNED_GEOGRAPHIC,COUNTY_RULE
02097,Gutorfölde,Zala,23,23. számú vasútvonal,Szombathely,4c3ae602-3a75-4f0c-bdf7-d6e15bed6d1b,ASSIGNED_GEOGRAPHIC,COUNTY_RULE
02185,Csopak,Veszprém,29,29. számú vasútvonal,Székesfehérvár,e3b62884-d1fb-4892-8e08-87bb816be339,ASSIGNED_GEOGRAPHIC,COUNTY_RULE
02219,Balatonfűzfő,Veszprém,29,29. számú vasútvonal,Székesfehérvár,e3b62884-d1fb-4892-8e08-87bb816be339,ASSIGNED_GEOGRAPHIC,COUNTY_RULE
02325,Baktalórántháza,Szabolcs-Szatmár-Bereg,116,116. számú vasútvonal,Debrecen,6b1aa304-c5fc-46e0-865f-4bc589cd0138,ASSIGNED_GEOGRAPHIC,COUNTY_RULE
02431,Bük,Vas,15,15. számú vasútvonal,Szombathely,4c3ae602-3a75-4f0c-bdf7-d6e15bed6d1b,ASSIGNED_GEOGRAPHIC,COUNTY_RULE
02547,Sumony,Baranya,61,61. számú vasútvonal,Pécs,5646c308-d1f3-4649-ac89-43812ae4c35c,ASSIGNED_GEOGRAPHIC,COUNTY_RULE
03009,Szombathely,Vas,18,18. számú vasútvonal,Szombathely,4c3ae602-3a75-4f0c-bdf7-d6e15bed6d1b,ASSIGNED_GEOGRAPHIC,COUNTY_RULE
03045,Hajdúböszörmény,Hajdú-Bihar,109,109. számú vasútvonal,Debrecen,6b1aa304-c5fc-46e0-865f-4bc589cd0138,ASSIGNED_GEOGRAPHIC,COUNTY_RULE
03601,Sóly,Veszprém,27,27. számú vasútvonal,Székesfehérvár,e3b62884-d1fb-4892-8e08-87bb816be339,ASSIGNED_GEOGRAPHIC,COUNTY_RULE
04039,Csorna,Győr-Moson-Sopron,14,14. számú vasútvonal,Szombathely,4c3ae602-3a75-4f0c-bdf7-d6e15bed6d1b,ASSIGNED_GEOGRAPHIC,COUNTY_RULE
04358,Nógrád,Nógrád,75,75. számú vasútvonal,Miskolc,8b519923-a683-4c0a-a522-f85192a22109,ASSIGNED_GEOGRAPHIC,COUNTY_RULE
04525,Kecskéd,Komárom-Esztergom,13,13. számú vasútvonal,Székesfehérvár,e3b62884-d1fb-4892-8e08-87bb816be339,ASSIGNED_GEOGRAPHIC,COUNTY_RULE
04561,Ábrahámhegy,Veszprém,29,29. számú vasútvonal,Székesfehérvár,e3b62884-d1fb-4892-8e08-87bb816be339,ASSIGNED_GEOGRAPHIC,COUNTY_RULE
04604,Hejőkeresztúr,Borsod-Abaúj-Zemplén,89,89. számú vasútvonal,Miskolc,8b519923-a683-4c0a-a522-f85192a22109,ASSIGNED_GEOGRAPHIC,COUNTY_RULE
05148,Balatonkenese,Veszprém,29,29. számú vasútvonal,Székesfehérvár,e3b62884-d1fb-4892-8e08-87bb816be339,ASSIGNED_GEOGRAPHIC,COUNTY_RULE
05236,Gyöngyös,Heves,85,85. számú vasútvonal,Miskolc,8b519923-a683-4c0a-a522-f85192a22109,ASSIGNED_GEOGRAPHIC,COUNTY_RULE
05430,Magyarhertelend,Baranya,47,47. számú vasútvonal,Pécs,5646c308-d1f3-4649-ac89-43812ae4c35c,ASSIGNED_GEOGRAPHIC,COUNTY_RULE
05582,Nagycsécs,Borsod-Abaúj-Zemplén,89,89. számú vasútvonal,Miskolc,8b519923-a683-4c0a-a522-f85192a22109,ASSIGNED_GEOGRAPHIC,COUNTY_RULE
05625,Révfülöp,Veszprém,29,29. számú vasútvonal,Székesfehérvár,e3b62884-d1fb-4892-8e08-87bb816be339,ASSIGNED_GEOGRAPHIC,COUNTY_RULE
05652,Nemesgörzsöny,Veszprém,14,14. számú vasútvonal,Székesfehérvár,e3b62884-d1fb-4892-8e08-87bb816be339,ASSIGNED_GEOGRAPHIC,COUNTY_RULE
05838,Balatonalmádi,Veszprém,29,29. számú vasútvonal,Székesfehérvár,e3b62884-d1fb-4892-8e08-87bb816be339,ASSIGNED_GEOGRAPHIC,COUNTY_RULE
06114,Füle,Fejér,29,29. számú vasútvonal,Székesfehérvár,e3b62884-d1fb-4892-8e08-87bb816be339,ASSIGNED_GEOGRAPHIC,COUNTY_RULE
06187,Nyíradony,Hajdú-Bihar,110,110. számú vasútvonal,Debrecen,6b1aa304-c5fc-46e0-865f-4bc589cd0138,ASSIGNED_GEOGRAPHIC,COUNTY_RULE
06202,Lakitelek,Bács-Kiskun,145,145. számú vasútvonal,Szeged,db15dd1e-0d51-4e3b-853e-c75a9aca227e,ASSIGNED_GEOGRAPHIC,COUNTY_RULE
06415,Kákics,Baranya,61,61. számú vasútvonal,Pécs,5646c308-d1f3-4649-ac89-43812ae4c35c,ASSIGNED_GEOGRAPHIC,COUNTY_RULE
06442,Kalocsa,Bács-Kiskun,153,153. számú vasútvonal,Szeged,db15dd1e-0d51-4e3b-853e-c75a9aca227e,ASSIGNED_GEOGRAPHIC,COUNTY_RULE
06488,Nagyecsed,Szabolcs-Szatmár-Bereg,115,115. számú vasútvonal,Debrecen,6b1aa304-c5fc-46e0-865f-4bc589cd0138,ASSIGNED_GEOGRAPHIC,COUNTY_RULE
06743,Diósjenő,Nógrád,75,75. számú vasútvonal,Miskolc,8b519923-a683-4c0a-a522-f85192a22109,ASSIGNED_GEOGRAPHIC,COUNTY_RULE
06743,Diósjenő,Nógrád,76,76. számú vasútvonal,Miskolc,8b519923-a683-4c0a-a522-f85192a22109,ASSIGNED_GEOGRAPHIC,COUNTY_RULE
06947,Szokolya,Pest,75,75. számú vasútvonal,Budapest,fbde9347-bee0-4f09-bc77-2beb642d8589,ASSIGNED_GEOGRAPHIC,COUNTY_RULE
07001,Nagykarácsony,Fejér,43,43. számú vasútvonal,Székesfehérvár,e3b62884-d1fb-4892-8e08-87bb816be339,ASSIGNED_GEOGRAPHIC,COUNTY_RULE
07269,Lepsény,Fejér,27,27. számú vasútvonal,Székesfehérvár,e3b62884-d1fb-4892-8e08-87bb816be339,ASSIGNED_GEOGRAPHIC,COUNTY_RULE
07339,Aszófő,Veszprém,29,29. számú vasútvonal,Székesfehérvár,e3b62884-d1fb-4892-8e08-87bb816be339,ASSIGNED_GEOGRAPHIC,COUNTY_RULE
07490,Tószeg,Jász-Nagykun-Szolnok,145,145. számú vasútvonal,Debrecen,6b1aa304-c5fc-46e0-865f-4bc589cd0138,ASSIGNED_GEOGRAPHIC,COUNTY_RULE
07597,Tiszavasvári,Szabolcs-Szatmár-Bereg,109,109. számú vasútvonal,Debrecen,6b1aa304-c5fc-46e0-865f-4bc589cd0138,ASSIGNED_GEOGRAPHIC,COUNTY_RULE
07612,Dunavecse,Bács-Kiskun,151,151. számú vasútvonal,Szeged,db15dd1e-0d51-4e3b-853e-c75a9aca227e,ASSIGNED_GEOGRAPHIC,COUNTY_RULE
07904,Nyírcsaholy,Szabolcs-Szatmár-Bereg,115,115. számú vasútvonal,Debrecen,6b1aa304-c5fc-46e0-865f-4bc589cd0138,ASSIGNED_GEOGRAPHIC,COUNTY_RULE
08156,Drégelypalánk,Nógrád,75,75. számú vasútvonal,Miskolc,8b519923-a683-4c0a-a522-f85192a22109,ASSIGNED_GEOGRAPHIC,COUNTY_RULE
08350,Harkakötöny,Bács-Kiskun,155,155. számú vasútvonal,Szeged,db15dd1e-0d51-4e3b-853e-c75a9aca227e,ASSIGNED_GEOGRAPHIC,COUNTY_RULE
08378,Jászszentlászló,Bács-Kiskun,155,155. számú vasútvonal,Szeged,db15dd1e-0d51-4e3b-853e-c75a9aca227e,ASSIGNED_GEOGRAPHIC,COUNTY_RULE
08420,Napkor,Szabolcs-Szatmár-Bereg,116,116. számú vasútvonal,Debrecen,6b1aa304-c5fc-46e0-865f-4bc589cd0138,ASSIGNED_GEOGRAPHIC,COUNTY_RULE
08679,Öregcsertő,Bács-Kiskun,153,153. számú vasútvonal,Szeged,db15dd1e-0d51-4e3b-853e-c75a9aca227e,ASSIGNED_GEOGRAPHIC,COUNTY_RULE
08864,Bátaszék,Tolna,64,64. számú vasútvonal,Pécs,5646c308-d1f3-4649-ac89-43812ae4c35c,ASSIGNED_GEOGRAPHIC,COUNTY_RULE
08952,Tiborszállás,Szabolcs-Szatmár-Bereg,115,115. számú vasútvonal,Debrecen,6b1aa304-c5fc-46e0-865f-4bc589cd0138,ASSIGNED_GEOGRAPHIC,COUNTY_RULE
08989,Vámospércs,Hajdú-Bihar,105,105. számú vasútvonal,Debrecen,6b1aa304-c5fc-46e0-865f-4bc589cd0138,ASSIGNED_GEOGRAPHIC,COUNTY_RULE
09034,Berkenye,Nógrád,75,75. számú vasútvonal,Miskolc,8b519923-a683-4c0a-a522-f85192a22109,ASSIGNED_GEOGRAPHIC,COUNTY_RULE
09113,Tiszaeszlár,Szabolcs-Szatmár-Bereg,117,117. számú vasútvonal,Debrecen,6b1aa304-c5fc-46e0-865f-4bc589cd0138,ASSIGNED_GEOGRAPHIC,COUNTY_RULE
09894,Borsosberény,Nógrád,75,75. számú vasútvonal,Miskolc,8b519923-a683-4c0a-a522-f85192a22109,ASSIGNED_GEOGRAPHIC,COUNTY_RULE
10092,Örvényes,Veszprém,29,29. számú vasútvonal,Székesfehérvár,e3b62884-d1fb-4892-8e08-87bb816be339,ASSIGNED_GEOGRAPHIC,COUNTY_RULE
10126,Győrtelek,Szabolcs-Szatmár-Bereg,114,114. számú vasútvonal,Debrecen,6b1aa304-c5fc-46e0-865f-4bc589cd0138,ASSIGNED_GEOGRAPHIC,COUNTY_RULE
10135,Palotabozsok,Baranya,64,64. számú vasútvonal,Pécs,5646c308-d1f3-4649-ac89-43812ae4c35c,ASSIGNED_GEOGRAPHIC,COUNTY_RULE
11402,Mecsekpölöske,Baranya,47,47. számú vasútvonal,Pécs,5646c308-d1f3-4649-ac89-43812ae4c35c,ASSIGNED_GEOGRAPHIC,COUNTY_RULE
11943,Gyöngyösfalu,Vas,18,18. számú vasútvonal,Szombathely,4c3ae602-3a75-4f0c-bdf7-d6e15bed6d1b,ASSIGNED_GEOGRAPHIC,COUNTY_RULE
12274,Nyírmada,Szabolcs-Szatmár-Bereg,116,116. számú vasútvonal,Debrecen,6b1aa304-c5fc-46e0-865f-4bc589cd0138,ASSIGNED_GEOGRAPHIC,COUNTY_RULE
12511,Dejtár,Nógrád,75,75. számú vasútvonal,Miskolc,8b519923-a683-4c0a-a522-f85192a22109,ASSIGNED_GEOGRAPHIC,COUNTY_RULE
12803,Hajdúdorog,Hajdú-Bihar,109,109. számú vasútvonal,Debrecen,6b1aa304-c5fc-46e0-865f-4bc589cd0138,ASSIGNED_GEOGRAPHIC,COUNTY_RULE
13019,Hodász,Szabolcs-Szatmár-Bereg,110,110. számú vasútvonal,Debrecen,6b1aa304-c5fc-46e0-865f-4bc589cd0138,ASSIGNED_GEOGRAPHIC,COUNTY_RULE
13532,Körmend,Vas,22,22. számú vasútvonal,Szombathely,4c3ae602-3a75-4f0c-bdf7-d6e15bed6d1b,ASSIGNED_GEOGRAPHIC,COUNTY_RULE
13657,Balassagyarmat,Nógrád,75,75. számú vasútvonal,Miskolc,8b519923-a683-4c0a-a522-f85192a22109,ASSIGNED_GEOGRAPHIC,COUNTY_RULE
14021,Lukácsháza,Vas,18,18. számú vasútvonal,Szombathely,4c3ae602-3a75-4f0c-bdf7-d6e15bed6d1b,ASSIGNED_GEOGRAPHIC,COUNTY_RULE
14827,Székesfehérvár,Fejér,44,44. számú vasútvonal,Székesfehérvár,e3b62884-d1fb-4892-8e08-87bb816be339,ASSIGNED_GEOGRAPHIC,COUNTY_RULE
14827,Székesfehérvár,Fejér,6,6. számú vasútvonal,Székesfehérvár,e3b62884-d1fb-4892-8e08-87bb816be339,ASSIGNED_GEOGRAPHIC,COUNTY_RULE
14845,Nyírbátor,Szabolcs-Szatmár-Bereg,110,110. számú vasútvonal,Debrecen,6b1aa304-c5fc-46e0-865f-4bc589cd0138,ASSIGNED_GEOGRAPHIC,COUNTY_RULE
15130,Debrecen,Hajdú-Bihar,105,105. számú vasútvonal,Debrecen,6b1aa304-c5fc-46e0-865f-4bc589cd0138,ASSIGNED_GEOGRAPHIC,COUNTY_RULE
15130,Debrecen,Hajdú-Bihar,106,106. számú vasútvonal,Debrecen,6b1aa304-c5fc-46e0-865f-4bc589cd0138,ASSIGNED_GEOGRAPHIC,COUNTY_RULE
15246,Pusztamonostor,Jász-Nagykun-Szolnok,82,82. számú vasútvonal,Debrecen,6b1aa304-c5fc-46e0-865f-4bc589cd0138,ASSIGNED_GEOGRAPHIC,COUNTY_RULE
15291,Újszász,Jász-Nagykun-Szolnok,82,82. számú vasútvonal,Debrecen,6b1aa304-c5fc-46e0-865f-4bc589cd0138,ASSIGNED_GEOGRAPHIC,COUNTY_RULE
15361,Hajmáskér,Veszprém,27,27. számú vasútvonal,Székesfehérvár,e3b62884-d1fb-4892-8e08-87bb816be339,ASSIGNED_GEOGRAPHIC,COUNTY_RULE
15565,Balatonudvari,Veszprém,29,29. számú vasútvonal,Székesfehérvár,e3b62884-d1fb-4892-8e08-87bb816be339,ASSIGNED_GEOGRAPHIC,COUNTY_RULE
16072,Csajág,Veszprém,27,27. számú vasútvonal,Székesfehérvár,e3b62884-d1fb-4892-8e08-87bb816be339,ASSIGNED_GEOGRAPHIC,COUNTY_RULE
16072,Csajág,Veszprém,29,29. számú vasútvonal,Székesfehérvár,e3b62884-d1fb-4892-8e08-87bb816be339,ASSIGNED_GEOGRAPHIC,COUNTY_RULE
16832,Kőszeg,Vas,18,18. számú vasútvonal,Szombathely,4c3ae602-3a75-4f0c-bdf7-d6e15bed6d1b,ASSIGNED_GEOGRAPHIC,COUNTY_RULE
17154,Balatonszepezd,Veszprém,29,29. számú vasútvonal,Székesfehérvár,e3b62884-d1fb-4892-8e08-87bb816be339,ASSIGNED_GEOGRAPHIC,COUNTY_RULE
17330,Kisbér,Komárom-Esztergom,13,13. számú vasútvonal,Székesfehérvár,e3b62884-d1fb-4892-8e08-87bb816be339,ASSIGNED_GEOGRAPHIC,COUNTY_RULE
17419,Drávafok,Baranya,62,62. számú vasútvonal,Pécs,5646c308-d1f3-4649-ac89-43812ae4c35c,ASSIGNED_GEOGRAPHIC,COUNTY_RULE
17525,Polgárdi,Fejér,29,29. számú vasútvonal,Székesfehérvár,e3b62884-d1fb-4892-8e08-87bb816be339,ASSIGNED_GEOGRAPHIC,COUNTY_RULE
17534,Gyöngyöshalász,Heves,85,85. számú vasútvonal,Miskolc,8b519923-a683-4c0a-a522-f85192a22109,ASSIGNED_GEOGRAPHIC,COUNTY_RULE
17941,Nagyatád,Somogy,38,38. számú vasútvonal,Pécs,5646c308-d1f3-4649-ac89-43812ae4c35c,ASSIGNED_GEOGRAPHIC,COUNTY_RULE
18209,Jászberény,Jász-Nagykun-Szolnok,82,82. számú vasútvonal,Debrecen,6b1aa304-c5fc-46e0-865f-4bc589cd0138,ASSIGNED_GEOGRAPHIC,COUNTY_RULE
18324,Vásárosnamény,Szabolcs-Szatmár-Bereg,116,116. számú vasútvonal,Debrecen,6b1aa304-c5fc-46e0-865f-4bc589cd0138,ASSIGNED_GEOGRAPHIC,COUNTY_RULE
18546,Somogyszob,Somogy,38,38. számú vasútvonal,Pécs,5646c308-d1f3-4649-ac89-43812ae4c35c,ASSIGNED_GEOGRAPHIC,COUNTY_RULE
18874,Mátészalka,Szabolcs-Szatmár-Bereg,110,110. számú vasútvonal,Debrecen,6b1aa304-c5fc-46e0-865f-4bc589cd0138,ASSIGNED_GEOGRAPHIC,COUNTY_RULE
19415,Pécs,Baranya,64,64. számú vasútvonal,Pécs,5646c308-d1f3-4649-ac89-43812ae4c35c,ASSIGNED_GEOGRAPHIC,COUNTY_RULE
19789,Kecel,Bács-Kiskun,153,153. számú vasútvonal,Szeged,db15dd1e-0d51-4e3b-853e-c75a9aca227e,ASSIGNED_GEOGRAPHIC,COUNTY_RULE
19901,Csányoszró,Baranya,62,62. számú vasútvonal,Pécs,5646c308-d1f3-4649-ac89-43812ae4c35c,ASSIGNED_GEOGRAPHIC,COUNTY_RULE
19947,Szalkszentmárton,Bács-Kiskun,151,151. számú vasútvonal,Szeged,db15dd1e-0d51-4e3b-853e-c75a9aca227e,ASSIGNED_GEOGRAPHIC,COUNTY_RULE
20127,Tata,Komárom-Esztergom,1,1. számú vasútvonal,Székesfehérvár,e3b62884-d1fb-4892-8e08-87bb816be339,ASSIGNED_GEOGRAPHIC,COUNTY_RULE
20206,Seregélyes,Fejér,44,44. számú vasútvonal,Székesfehérvár,e3b62884-d1fb-4892-8e08-87bb816be339,ASSIGNED_GEOGRAPHIC,COUNTY_RULE
20297,Kiskunfélegyháza,Bács-Kiskun,155,155. számú vasútvonal,Szeged,db15dd1e-0d51-4e3b-853e-c75a9aca227e,ASSIGNED_GEOGRAPHIC,COUNTY_RULE
20303,Apagy,Szabolcs-Szatmár-Bereg,116,116. számú vasútvonal,Debrecen,6b1aa304-c5fc-46e0-865f-4bc589cd0138,ASSIGNED_GEOGRAPHIC,COUNTY_RULE
21069,Dunaegyháza,Bács-Kiskun,151,151. számú vasútvonal,Szeged,db15dd1e-0d51-4e3b-853e-c75a9aca227e,ASSIGNED_GEOGRAPHIC,COUNTY_RULE
21148,Apostag,Bács-Kiskun,151,151. számú vasútvonal,Szeged,db15dd1e-0d51-4e3b-853e-c75a9aca227e,ASSIGNED_GEOGRAPHIC,COUNTY_RULE
21175,Balatonfüred,Veszprém,29,29. számú vasútvonal,Székesfehérvár,e3b62884-d1fb-4892-8e08-87bb816be339,ASSIGNED_GEOGRAPHIC,COUNTY_RULE
22220,Marcaltő,Veszprém,14,14. számú vasútvonal,Székesfehérvár,e3b62884-d1fb-4892-8e08-87bb816be339,ASSIGNED_GEOGRAPHIC,COUNTY_RULE
22284,Ófehértó,Szabolcs-Szatmár-Bereg,116,116. számú vasútvonal,Debrecen,6b1aa304-c5fc-46e0-865f-4bc589cd0138,ASSIGNED_GEOGRAPHIC,COUNTY_RULE
22327,Badacsonytomaj,Veszprém,29,29. számú vasútvonal,Székesfehérvár,e3b62884-d1fb-4892-8e08-87bb816be339,ASSIGNED_GEOGRAPHIC,COUNTY_RULE
22406,Hajdúnánás,Hajdú-Bihar,109,109. számú vasútvonal,Debrecen,6b1aa304-c5fc-46e0-865f-4bc589cd0138,ASSIGNED_GEOGRAPHIC,COUNTY_RULE
22600,Magyarszék,Baranya,47,47. számú vasútvonal,Pécs,5646c308-d1f3-4649-ac89-43812ae4c35c,ASSIGNED_GEOGRAPHIC,COUNTY_RULE
22691,Veszprémvarsány,Győr-Moson-Sopron,13,13. számú vasútvonal,Szombathely,4c3ae602-3a75-4f0c-bdf7-d6e15bed6d1b,ASSIGNED_GEOGRAPHIC,COUNTY_RULE
23056,Nyárlőrinc,Bács-Kiskun,145,145. számú vasútvonal,Szeged,db15dd1e-0d51-4e3b-853e-c75a9aca227e,ASSIGNED_GEOGRAPHIC,COUNTY_RULE
23269,Nyírmeggyes,Szabolcs-Szatmár-Bereg,110,110. számú vasútvonal,Debrecen,6b1aa304-c5fc-46e0-865f-4bc589cd0138,ASSIGNED_GEOGRAPHIC,COUNTY_RULE
23339,Jászfényszaru,Jász-Nagykun-Szolnok,82,82. számú vasútvonal,Debrecen,6b1aa304-c5fc-46e0-865f-4bc589cd0138,ASSIGNED_GEOGRAPHIC,COUNTY_RULE
23524,Tiszalök,Szabolcs-Szatmár-Bereg,117,117. számú vasútvonal,Debrecen,6b1aa304-c5fc-46e0-865f-4bc589cd0138,ASSIGNED_GEOGRAPHIC,COUNTY_RULE
23986,Nagyoroszi,Nógrád,75,75. számú vasútvonal,Miskolc,8b519923-a683-4c0a-a522-f85192a22109,ASSIGNED_GEOGRAPHIC,COUNTY_RULE
24396,Kiskunmajsa,Bács-Kiskun,155,155. számú vasútvonal,Szeged,db15dd1e-0d51-4e3b-853e-c75a9aca227e,ASSIGNED_GEOGRAPHIC,COUNTY_RULE
24721,Rábapordány,Győr-Moson-Sopron,14,14. számú vasútvonal,Szombathely,4c3ae602-3a75-4f0c-bdf7-d6e15bed6d1b,ASSIGNED_GEOGRAPHIC,COUNTY_RULE
24934,Vác,Pest,75,75. számú vasútvonal,Budapest,fbde9347-bee0-4f09-bc77-2beb642d8589,ASSIGNED_GEOGRAPHIC,COUNTY_RULE
25177,Magyarbóly,Baranya,66,66. számú vasútvonal,Pécs,5646c308-d1f3-4649-ac89-43812ae4c35c,ASSIGNED_GEOGRAPHIC,COUNTY_RULE
25973,Nyírcsászári,Szabolcs-Szatmár-Bereg,110,110. számú vasútvonal,Debrecen,6b1aa304-c5fc-46e0-865f-4bc589cd0138,ASSIGNED_GEOGRAPHIC,COUNTY_RULE
26365,Nyírmihálydi,Szabolcs-Szatmár-Bereg,110,110. számú vasútvonal,Debrecen,6b1aa304-c5fc-46e0-865f-4bc589cd0138,ASSIGNED_GEOGRAPHIC,COUNTY_RULE
26408,Komló,Baranya,47,47. számú vasútvonal,Pécs,5646c308-d1f3-4649-ac89-43812ae4c35c,ASSIGNED_GEOGRAPHIC,COUNTY_RULE
26684,Kecskemét,Bács-Kiskun,145,145. számú vasútvonal,Szeged,db15dd1e-0d51-4e3b-853e-c75a9aca227e,ASSIGNED_GEOGRAPHIC,COUNTY_RULE
26824,Alap,Fejér,43,43. számú vasútvonal,Székesfehérvár,e3b62884-d1fb-4892-8e08-87bb816be339,ASSIGNED_GEOGRAPHIC,COUNTY_RULE
28024,Villány,Baranya,66,66. számú vasútvonal,Pécs,5646c308-d1f3-4649-ac89-43812ae4c35c,ASSIGNED_GEOGRAPHIC,COUNTY_RULE
28352,Tiszaújváros,Borsod-Abaúj-Zemplén,89,89. számú vasútvonal,Miskolc,8b519923-a683-4c0a-a522-f85192a22109,ASSIGNED_GEOGRAPHIC,COUNTY_RULE
28440,Nyírgelse,Szabolcs-Szatmár-Bereg,110,110. számú vasútvonal,Debrecen,6b1aa304-c5fc-46e0-865f-4bc589cd0138,ASSIGNED_GEOGRAPHIC,COUNTY_RULE
28538,Vajszló,Baranya,62,62. számú vasútvonal,Pécs,5646c308-d1f3-4649-ac89-43812ae4c35c,ASSIGNED_GEOGRAPHIC,COUNTY_RULE
28705,Szabadbattyán,Fejér,29,29. számú vasútvonal,Székesfehérvár,e3b62884-d1fb-4892-8e08-87bb816be339,ASSIGNED_GEOGRAPHIC,COUNTY_RULE
28741,Sellye,Baranya,61,61. számú vasútvonal,Pécs,5646c308-d1f3-4649-ac89-43812ae4c35c,ASSIGNED_GEOGRAPHIC,COUNTY_RULE
28741,Sellye,Baranya,62,62. számú vasútvonal,Pécs,5646c308-d1f3-4649-ac89-43812ae4c35c,ASSIGNED_GEOGRAPHIC,COUNTY_RULE
29018,Pusztaszabolcs,Fejér,44,44. számú vasútvonal,Székesfehérvár,e3b62884-d1fb-4892-8e08-87bb816be339,ASSIGNED_GEOGRAPHIC,COUNTY_RULE
29115,Solt,Bács-Kiskun,151,151. számú vasútvonal,Szeged,db15dd1e-0d51-4e3b-853e-c75a9aca227e,ASSIGNED_GEOGRAPHIC,COUNTY_RULE
29319,Ipolyvece,Nógrád,75,75. számú vasútvonal,Miskolc,8b519923-a683-4c0a-a522-f85192a22109,ASSIGNED_GEOGRAPHIC,COUNTY_RULE
29434,Tapolca,Veszprém,29,29. számú vasútvonal,Székesfehérvár,e3b62884-d1fb-4892-8e08-87bb816be339,ASSIGNED_GEOGRAPHIC,COUNTY_RULE
30340,Sajószöged,Borsod-Abaúj-Zemplén,89,89. számú vasútvonal,Miskolc,8b519923-a683-4c0a-a522-f85192a22109,ASSIGNED_GEOGRAPHIC,COUNTY_RULE
30526,Alsóörs,Veszprém,29,29. számú vasútvonal,Székesfehérvár,e3b62884-d1fb-4892-8e08-87bb816be339,ASSIGNED_GEOGRAPHIC,COUNTY_RULE
30553,Környe,Komárom-Esztergom,12,12. számú vasútvonal,Székesfehérvár,e3b62884-d1fb-4892-8e08-87bb816be339,ASSIGNED_GEOGRAPHIC,COUNTY_RULE
30553,Környe,Komárom-Esztergom,13,13. számú vasútvonal,Székesfehérvár,e3b62884-d1fb-4892-8e08-87bb816be339,ASSIGNED_GEOGRAPHIC,COUNTY_RULE
30623,Tiszakécske,Bács-Kiskun,145,145. számú vasútvonal,Szeged,db15dd1e-0d51-4e3b-853e-c75a9aca227e,ASSIGNED_GEOGRAPHIC,COUNTY_RULE
30641,Csenger,Szabolcs-Szatmár-Bereg,114,114. számú vasútvonal,Debrecen,6b1aa304-c5fc-46e0-865f-4bc589cd0138,ASSIGNED_GEOGRAPHIC,COUNTY_RULE
30766,Oroszlány,Komárom-Esztergom,12,12. számú vasútvonal,Székesfehérvár,e3b62884-d1fb-4892-8e08-87bb816be339,ASSIGNED_GEOGRAPHIC,COUNTY_RULE
31097,Hajdúsámson,Hajdú-Bihar,110,110. számú vasútvonal,Debrecen,6b1aa304-c5fc-46e0-865f-4bc589cd0138,ASSIGNED_GEOGRAPHIC,COUNTY_RULE
31158,Nyírbogát,Szabolcs-Szatmár-Bereg,110,110. számú vasútvonal,Debrecen,6b1aa304-c5fc-46e0-865f-4bc589cd0138,ASSIGNED_GEOGRAPHIC,COUNTY_RULE
31769,Ököritófülpös,Szabolcs-Szatmár-Bereg,114,114. számú vasútvonal,Debrecen,6b1aa304-c5fc-46e0-865f-4bc589cd0138,ASSIGNED_GEOGRAPHIC,COUNTY_RULE
31866,Tiszavárkony,Jász-Nagykun-Szolnok,145,145. számú vasútvonal,Debrecen,6b1aa304-c5fc-46e0-865f-4bc589cd0138,ASSIGNED_GEOGRAPHIC,COUNTY_RULE
31945,Pápa,Veszprém,14,14. számú vasútvonal,Székesfehérvár,e3b62884-d1fb-4892-8e08-87bb816be339,ASSIGNED_GEOGRAPHIC,COUNTY_RULE
32294,Nyírábrány,Hajdú-Bihar,105,105. számú vasútvonal,Debrecen,6b1aa304-c5fc-46e0-865f-4bc589cd0138,ASSIGNED_GEOGRAPHIC,COUNTY_RULE
32434,Kiskunhalas,Bács-Kiskun,155,155. számú vasútvonal,Szeged,db15dd1e-0d51-4e3b-853e-c75a9aca227e,ASSIGNED_GEOGRAPHIC,COUNTY_RULE
32522,Zalaszentgrót,Zala,24,24. számú vasútvonal,Szombathely,4c3ae602-3a75-4f0c-bdf7-d6e15bed6d1b,ASSIGNED_GEOGRAPHIC,COUNTY_RULE
33002,Bodolyabér,Baranya,47,47. számú vasútvonal,Pécs,5646c308-d1f3-4649-ac89-43812ae4c35c,ASSIGNED_GEOGRAPHIC,COUNTY_RULE
33844,Balatonrendes,Veszprém,29,29. számú vasútvonal,Székesfehérvár,e3b62884-d1fb-4892-8e08-87bb816be339,ASSIGNED_GEOGRAPHIC,COUNTY_RULE
34263,Zichyújfalu,Fejér,44,44. számú vasútvonal,Székesfehérvár,e3b62884-d1fb-4892-8e08-87bb816be339,ASSIGNED_GEOGRAPHIC,COUNTY_RULE
34388,Szorgalmatos,Szabolcs-Szatmár-Bereg,109,109. számú vasútvonal,Debrecen,6b1aa304-c5fc-46e0-865f-4bc589cd0138,ASSIGNED_GEOGRAPHIC,COUNTY_RULE
34421,Balatonakarattya,Veszprém,29,29. számú vasútvonal,Székesfehérvár,e3b62884-d1fb-4892-8e08-87bb816be339,ASSIGNED_GEOGRAPHIC,COUNTY_RULE
