ksh_code,name,county_name
01508,Ipolyszög,Nógrád
01526,Somoskőújfalu,Nógrád
02015,Ráckeresztúr,Fejér
02024,Martonyi,Borsod-Abaúj-Zemplén
02033,Kakasd,Tolna
02042,Narda,Vas
02051,Sávoly,Somogy
02060,Gönyű,Győr-Moson-Sopron
02079,Dunaremete,Győr-Moson-Sopron
02088,Mánd,Szabolcs-Szatmár-Bereg
02097,Gutorfölde,Zala
02103,Maróc,Zala
02112,Budapest 17. ker.,főváros
02121,Csanádalberti,Csongrád-Csanád
02130,Mihályfa,Zala
02149,Foktő,Bács-Kiskun
02158,Muhi,Borsod-Abaúj-Zemplén
02167,Komádi,Hajdú-Bihar
02185,Csopak,Veszprém
02194,Nemesvámos,Veszprém
02200,Isztimér,Fejér
02219,Balatonfűzfő,Veszprém
02228,Martonfa,Baranya
02237,Vág,Győr-Moson-Sopron
02246,Vát,Vas
02264,Vásárosdombó,Baranya
02273,Abaújvár,Borsod-Abaúj-Zemplén
02282,Hejőkürt,Borsod-Abaúj-Zemplén
02291,Tiszabábolna,Borsod-Abaúj-Zemplén
02307,Kaba,Hajdú-Bihar
02316,Etyek,Fejér
02325,Baktalórántháza,Szabolcs-Szatmár-Bereg
02343,Kincsesbánya,Fejér
02352,Újkígyós,Békés
02361,Nagybajcs,Győr-Moson-Sopron
02370,Rád,Pest
02389,Bercel,Nógrád
02404,Surd,Zala
02413,Kisbabot,Győr-Moson-Sopron
02422,Hegyesd,Veszprém
02431,Bük,Vas
02440,Szatta,Vas
02459,Vajta,Fejér
02468,Hegymeg,Borsod-Abaúj-Zemplén
02477,Csombárd,Somogy
02486,Zalacséb,Zala
02495,Nagycenk,Győr-Moson-Sopron
02501,Kisunyom,Vas
02510,Kocs,Komárom-Esztergom
02529,Várfölde,Zala
02547,Sumony,Baranya
02556,Mórichida,Győr-Moson-Sopron
02565,Döbrököz,Tolna
02574,Kenéz,Vas
02583,Csesztreg,Zala
02608,Zalaszentiván,Zala
02617,Sopronnémeti,Győr-Moson-Sopron
02626,Martfű,Jász-Nagykun-Szolnok
02635,Öttevény,Győr-Moson-Sopron
02644,Alibánfa,Zala
02653,Nagyharsány,Baranya
02662,Milejszeg,Zala
02671,Kántorjánosi,Szabolcs-Szatmár-Bereg
02680,Békésszentandrás,Békés
02699,Sárkeszi,Fejér
02705,Pálmonostora,Bács-Kiskun
02714,Tótvázsony,Veszprém
02723,Sáregres,Fejér
02741,Fáj,Borsod-Abaúj-Zemplén
02750,Vértesacsa,Fejér
02769,Tápiószőlős,Pest
02778,Ludányhalászi,Nógrád
02787,Nemesgulács,Veszprém
02796,Nak,Tolna
02802,Enying,Fejér
02811,Miszla,Tolna
02820,Abaújlak,Borsod-Abaúj-Zemplén
02839,Nemeskocs,Vas
02848,Felsőzsolca,Borsod-Abaúj-Zemplén
02857,Geresdlak,Baranya
02866,Oszlár,Borsod-Abaúj-Zemplén
02875,Sáta,Borsod-Abaúj-Zemplén
02884,Vasalja,Vas
02893,Söréd,Fejér
02909,Magyarszentmiklós,Zala
02918,Balmazújváros,Hajdú-Bihar
02927,Duka,Vas
02936,Dudar,Veszprém
02945,Biri,Szabolcs-Szatmár-Bereg
02954,Felsőszentiván,Bács-Kiskun
02963,Bükkszék,Heves
02972,Zalasárszeg,Zala
02981,Egerfarmos,Heves
02990,Bátorliget,Szabolcs-Szatmár-Bereg
03009,Szombathely,Vas
03018,Szebény,Baranya
03036,Döröske,Vas
03045,Hajdúböszörmény,Hajdú-Bihar
03054,Lickóvadamos,Zala
03063,Zádorfalva,Borsod-Abaúj-Zemplén
03072,Balatoncsicsó,Veszprém
03081,Sajóhídvég,Borsod-Abaúj-Zemplén
03090,Borgáta,Vas
03106,Kétsoprony,Békés
03115,Dunaújváros,Fejér
03124,Szentkozmadombja,Zala
03133,Taktaszada,Borsod-Abaúj-Zemplén
03142,Vönöck,Vas
03151,Kistapolca,Baranya
03160,Szuhafő,Borsod-Abaúj-Zemplén
03179,Budapest 02. ker.,főváros
03188,Iborfia,Zala
03197,Rábahídvég,Vas
03203,Nyim,Somogy
03212,Sajóivánka,Borsod-Abaúj-Zemplén
03221,Magyarlak,Vas
03230,Fajsz,Bács-Kiskun
03249,Őrhalom,Nógrád
03258,Földes,Hajdú-Bihar
03267,Badacsonytördemic,Veszprém
03276,Füzesabony,Heves
03285,Hirics,Baranya
03294,Molnaszecsőd,Vas
03300,Iklad,Pest
03319,Ártánd,Hajdú-Bihar
03328,Ipolytarnóc,Nógrád
03337,Ivánbattyán,Baranya
03346,Ivándárda,Baranya
03355,Nova,Zala
03364,Szilsárkány,Győr-Moson-Sopron
03373,Tiszapüspöki,Jász-Nagykun-Szolnok
03382,Szarvaskő,Heves
03391,Piricse,Szabolcs-Szatmár-Bereg
03407,Budajenő,Pest
03416,Somogyszil,Somogy
03425,Bogyiszló,Tolna
03434,Lasztonya,Zala
03443,Mezőzombor,Borsod-Abaúj-Zemplén
03452,Boldog,Heves
03461,Kétegyháza,Békés
03470,Meződ,Baranya
03489,Edde,Somogy
03498,Vereb,Fejér
03504,Sajóbábony,Borsod-Abaúj-Zemplén
03513,Visznek,Heves
03522,Baja,Bács-Kiskun
03531,Léh,Borsod-Abaúj-Zemplén
03540,Kökény,Baranya
03559,Balatonvilágos,Somogy
03568,Szentantalfa,Veszprém
03577,Géderlak,Bács-Kiskun
03586,Szabolcsveresmart,Szabolcs-Szatmár-Bereg
03595,Abaújszántó,Borsod-Abaúj-Zemplén
03601,Sóly,Veszprém
03610,Malomsok,Veszprém
03629,Géberjén,Szabolcs-Szatmár-Bereg
03638,Balatonhenye,Veszprém
03647,Döge,Szabolcs-Szatmár-Bereg
03656,Bátmonostor,Bács-Kiskun
03665,Cered,Nógrád
03674,Nemeskeresztúr,Vas
03683,Magyarhomorog,Hajdú-Bihar
03692,Mende,Pest
03708,Taktabáj,Borsod-Abaúj-Zemplén
03717,Tiszadorogma,Borsod-Abaúj-Zemplén
03726,Zebecke,Zala
03735,Bárdudvarnok,Somogy
03744,Gagyvendégi,Borsod-Abaúj-Zemplén
03753,Rábcakapi,Győr-Moson-Sopron
03762,Kiskinizs,Borsod-Abaúj-Zemplén
03771,Arnót,Borsod-Abaúj-Zemplén
03780,Ócsárd,Baranya
03799,Csákány,Somogy
03805,Szakáld,Borsod-Abaúj-Zemplén
03814,Hévíz,Zala
03823,Ároktő,Borsod-Abaúj-Zemplén
03832,Keszü,Baranya
03841,Bokor,Nógrád
03850,Tiszabercel,Szabolcs-Szatmár-Bereg
03869,Kistormás,Tolna
03878,Nyírpilis,Szabolcs-Szatmár-Bereg
03887,Szerecseny,Győr-Moson-Sopron
03896,Cserkút,Baranya
03902,Mád,Borsod-Abaúj-Zemplén
03911,Csákánydoroszló,Vas
03939,Cigánd,Borsod-Abaúj-Zemplén
03948,Raposka,Veszprém
03957,Viszló,Borsod-Abaúj-Zemplén
03966,Ruzsa,Csongrád-Csanád
03975,Baksa,Baranya
03984,Nagybudmér,Baranya
03993,Héhalom,Nógrád
04002,Zalacsány,Zala
04011,Budapest 19. ker.,főváros
04020,Himod,Győr-Moson-Sopron
04039,Csorna,Győr-Moson-Sopron
04048,Tófű,Baranya
04057,Pécel,Pest
04066,Küngös,Veszprém
04075,Ócsa,Pest
04084,Hevesvezekény,Heves
04093,Helvécia,Bács-Kiskun
04109,Dusnok,Bács-Kiskun
04118,Hortobágy,Hajdú-Bihar
04127,Som,Somogy
04136,Töttös,Baranya
04145,Hort,Heves
04154,Tárnok,Pest
04163,Bödeháza,Zala
04172,Tárnokréti,Győr-Moson-Sopron
04181,Perőcsény,Pest
04190,Köcsk,Vas
04206,Mezőgyán,Békés
04215,Nyomár,Borsod-Abaúj-Zemplén
04224,Csörötnek,Vas
04233,Aszaló,Borsod-Abaúj-Zemplén
04242,Nagykamarás,Békés
04251,Ecseg,Nógrád
04260,Mezőtúr,Jász-Nagykun-Szolnok
04279,Kamut,Békés
04288,Kispirit,Veszprém
04297,Kacsóta,Baranya
04303,Püspökszilágy,Pest
04312,Tarpa,Szabolcs-Szatmár-Bereg
04321,Bodorfa,Veszprém
04330,Mátraszőlős,Nógrád
04349,Mórahalom,Csongrád-Csanád
04358,Nógrád,Nógrád
04367,Bogyoszló,Győr-Moson-Sopron
04376,Lázi,Győr-Moson-Sopron
04385,Magyartelek,Baranya
04394,Makád,Pest
04400,Bekölce,Heves
04419,Nyésta,Borsod-Abaúj-Zemplén
04428,Ács,Komárom-Esztergom
04437,Udvar,Baranya
04446,Tiszakerecseny,Szabolcs-Szatmár-Bereg
04455,Nagylengyel,Zala
04464,Szakály,Tolna
04473,Kányavár,Zala
04482,Oroszló,Baranya
04491,Sényő,Szabolcs-Szatmár-Bereg
04507,Szendehely,Nógrád
04516,Rózsafa,Baranya
04525,Kecskéd,Komárom-Esztergom
04534,Mindszentkálla,Veszprém
04543,Feked,Baranya
04552,Litér,Veszprém
04561,Ábrahámhegy,Veszprém
04570,Márianosztra,Pest
04589,Veszkény,Győr-Moson-Sopron
04598,Kereki,Somogy
04604,Hejőkeresztúr,Borsod-Abaúj-Zemplén
04613,Gelénes,Szabolcs-Szatmár-Bereg
04622,Zsira,Győr-Moson-Sopron
04631,Tüskevár,Veszprém
04640,Kám,Vas
04659,Martonvásár,Fejér
04668,Mihályháza,Veszprém
04677,Emőd,Borsod-Abaúj-Zemplén
04686,Dédestapolcsány,Borsod-Abaúj-Zemplén
04695,Vasvár,Vas
04701,Iregszemcse,Tolna
04710,Nagyar,Szabolcs-Szatmár-Bereg
04729,Sály,Borsod-Abaúj-Zemplén
04738,Bak,Zala
04747,Sárpilis,Tolna
04756,Misefa,Zala
04765,Borszörcsök,Veszprém
04774,Szakoly,Szabolcs-Szatmár-Bereg
04783,Mosonmagyaróvár,Győr-Moson-Sopron
04792,Rábacsanak,Győr-Moson-Sopron
04808,Domony,Pest
04817,Zsáka,Hajdú-Bihar
04826,Kisgyalán,Somogy
04835,Somogyzsitfa,Somogy
04844,Terény,Nógrád
04853,Somogyudvarhely,Somogy
04862,Paks,Tolna
04871,Litke,Nógrád
04880,Ágfalva,Győr-Moson-Sopron
04899,Bikal,Baranya
04905,Pócsmegyer,Pest
04914,Trizs,Borsod-Abaúj-Zemplén
04923,Karcag,Jász-Nagykun-Szolnok
04932,Taszár,Somogy
04950,Ortaháza,Zala
04969,Tormafölde,Zala
04978,Ipolytölgyes,Pest
04987,Megyer,Veszprém
04996,Garbolc,Szabolcs-Szatmár-Bereg
05005,Irota,Borsod-Abaúj-Zemplén
05014,Vének,Győr-Moson-Sopron
05023,Bozsok,Vas
05032,Gyula,Békés
05041,Nyírderzs,Szabolcs-Szatmár-Bereg
05050,Csitár,Nógrád
05069,Györgytarló,Borsod-Abaúj-Zemplén
05078,Rinyabesenyő,Somogy
05087,Lovászpatona,Veszprém
05096,Viss,Borsod-Abaúj-Zemplén
05102,Balogunyom,Vas
05111,Csongrád,Csongrád-Csanád
05120,Sátoraljaújhely,Borsod-Abaúj-Zemplén
05139,Birján,Baranya
05148,Balatonkenese,Veszprém
05157,Somlójenő,Veszprém
05166,Tömörd,Vas
05175,Hajdúszoboszló,Hajdú-Bihar
05184,Csemő,Pest
05193,Szorosad,Somogy
05209,Villánykövesd,Baranya
05218,Nagygörbő,Zala
05227,Kisnémedi,Pest
05236,Gyöngyös,Heves
05245,Nemesbikk,Borsod-Abaúj-Zemplén
05254,Kuncsorba,Jász-Nagykun-Szolnok
05263,Karád,Somogy
05272,Kánya,Somogy
05281,Örkény,Pest
05290,Pilisszántó,Pest
05306,Bőcs,Borsod-Abaúj-Zemplén
05315,Borsodnádasd,Borsod-Abaúj-Zemplén
05324,Herencsény,Nógrád
05333,Csobád,Borsod-Abaúj-Zemplén
05342,Tófej,Zala
05351,Kára,Somogy
05360,Csákberény,Fejér
05379,Csanádpalota,Csongrád-Csanád
05388,Sümegprága,Veszprém
05397,Pusztaföldvár,Békés
05403,Babarc,Baranya
05412,Magyarmecske,Baranya
05421,Királyszentistván,Veszprém
05430,Magyarhertelend,Baranya
05449,Komárom,Komárom-Esztergom
05458,Kenézlő,Borsod-Abaúj-Zemplén
05467,Budapest 04. ker.,főváros
05476,Bő,Vas
05485,Baranyaszentgyörgy,Baranya
05494,Gadna,Borsod-Abaúj-Zemplén
05500,Somogyaracs,Somogy
05519,Siklós,Baranya
05528,Szörény,Baranya
05537,Kallósd,Zala
05546,Zákányszék,Csongrád-Csanád
05555,Nemeshany,Veszprém
05564,Lovas,Veszprém
05573,Derecske,Hajdú-Bihar
05582,Nagycsécs,Borsod-Abaúj-Zemplén
05591,Izsófalva,Borsod-Abaúj-Zemplén
05607,Szederkény,Baranya
05616,Hetefejércse,Szabolcs-Szatmár-Bereg
05625,Révfülöp,Veszprém
05634,Káptalantóti,Veszprém
05643,Szilvásvárad,Heves
05652,Nemesgörzsöny,Veszprém
05661,Ozora,Tolna
05670,Gégény,Szabolcs-Szatmár-Bereg
05689,Mezőkomárom,Fejér
05698,Váckisújfalu,Pest
05704,Pethőhenye,Zala
05713,Harasztifalu,Vas
05722,Kisbeszterce,Baranya
05731,Gerjen,Tolna
05740,Kőszegdoroszló,Vas
05759,Vécs,Heves
05768,Létavértes,Hajdú-Bihar
05777,Szászberek,Jász-Nagykun-Szolnok
05786,Ladánybene,Bács-Kiskun
05795,Cserkeszőlő,Jász-Nagykun-Szolnok
05801,Gávavencsellő,Szabolcs-Szatmár-Bereg
05810,Szőkedencs,Somogy
05829,Vál,Fejér
05838,Balatonalmádi,Veszprém
05847,Harsány,Borsod-Abaúj-Zemplén
05856,Kunadacs,Bács-Kiskun
05865,Egerlövő,Borsod-Abaúj-Zemplén
05874,Szajol,Jász-Nagykun-Szolnok
05883,Palotás,Nógrád
05892,Vokány,Baranya
05917,Vácduka,Pest
05926,Bódvaszilas,Borsod-Abaúj-Zemplén
05935,Karácsond,Heves
05944,Bakonyszentlászló,Győr-Moson-Sopron
05953,Kissomlyó,Vas
05962,Magyarcsanád,Csongrád-Csanád
05971,Csokonyavisonta,Somogy
05980,Egyházasgerge,Nógrád
05999,Kárász,Baranya
06008,Zamárdi,Somogy
06017,Magyarkeszi,Tolna
06026,Budapest 20. ker.,főváros
06035,Felsőpakony,Pest
06044,Kunbaja,Bács-Kiskun
06053,Ragály,Borsod-Abaúj-Zemplén
06062,Újpetre,Baranya
06071,Keménfa,Zala
06080,Ádánd,Somogy
06099,Ellend,Baranya
06105,Kálmáncsa,Somogy
06114,Füle,Fejér
06123,Dövény,Borsod-Abaúj-Zemplén
06132,Csapi,Zala
06141,Patalom,Somogy
06169,Nemesapáti,Zala
06178,Eszteregnye,Zala
06187,Nyíradony,Hajdú-Bihar
06196,Barbacs,Győr-Moson-Sopron
06202,Lakitelek,Bács-Kiskun
06211,Hollád,Somogy
06220,Bodonhely,Győr-Moson-Sopron
06239,Vadosfa,Győr-Moson-Sopron
06248,Pinkamindszent,Vas
06257,Zsadány,Békés
06266,Hosszúpályi,Hajdú-Bihar
06275,Zajta,Szabolcs-Szatmár-Bereg
06284,Pitvaros,Csongrád-Csanád
06293,Újhartyán,Pest
06309,Nagyrábé,Hajdú-Bihar
06318,Nagyrév,Jász-Nagykun-Szolnok
06327,Bakonypölöske,Veszprém
06336,Kozármisleny,Baranya
06345,Aldebrő,Heves
06354,Pusztamérges,Csongrád-Csanád
06363,Dörgicse,Veszprém
06372,Pomáz,Pest
06381,Tolmács,Nógrád
06390,Bozzai,Vas
06406,Jákfa,Vas
06415,Kákics,Baranya
06424,Kaposszerdahely,Somogy
06433,Tiszadada,Szabolcs-Szatmár-Bereg
06442,Kalocsa,Bács-Kiskun
06451,Gamás,Somogy
06460,Füzérkajata,Borsod-Abaúj-Zemplén
06479,Lapáncsa,Baranya
06488,Nagyecsed,Szabolcs-Szatmár-Bereg
06497,Bonyhád,Tolna
06503,Átány,Heves
06512,Kismányok,Tolna
06521,Gyermely,Komárom-Esztergom
06530,Pusztamagyaród,Zala
06549,Vindornyalak,Zala
06558,Bölcske,Tolna
06567,Sormás,Zala
06576,Mezőszentgyörgy,Fejér
06585,Gálosfa,Somogy
06594,Dömös,Komárom-Esztergom
06600,Somogyszentpál,Somogy
06619,Börcs,Győr-Moson-Sopron
06628,Szécsény,Nógrád
06637,Varsád,Tolna
06646,Jobaháza,Győr-Moson-Sopron
06655,Hejőbába,Borsod-Abaúj-Zemplén
06664,Ete,Komárom-Esztergom
06673,Ajka,Veszprém
06682,Aka,Komárom-Esztergom
06691,Kazincbarcika,Borsod-Abaúj-Zemplén
06707,Borsodivánka,Borsod-Abaúj-Zemplén
06716,Nádasd,Vas
06725,Borjád,Baranya
06734,Csősz,Fejér
06743,Diósjenő,Nógrád
06761,Nagyszékely,Tolna
06770,Markotabödöge,Győr-Moson-Sopron
06789,Kemse,Baranya
06798,Hidas,Baranya
06804,Kötegyán,Békés
06813,Mágocs,Baranya
06822,Csobánka,Pest
06831,Kishajmás,Baranya
06840,Sóskút,Pest
06859,Törökbálint,Pest
06868,Adorjás,Baranya
06877,Visz,Somogy
06886,Aranyosgadány,Baranya
06895,Kópháza,Győr-Moson-Sopron
06901,Tengelic,Tolna
06910,Bélavár,Somogy
06929,Bekecs,Borsod-Abaúj-Zemplén
06938,Vállaj,Szabolcs-Szatmár-Bereg
06947,Szokolya,Pest
06956,Fehértó,Győr-Moson-Sopron
06965,Katádfa,Baranya
06974,Cserépfalu,Borsod-Abaúj-Zemplén
06992,Kővágótöttös,Baranya
07001,Nagykarácsony,Fejér
07010,Páprád,Baranya
07029,Mucsi,Tolna
07038,Lénárddaróc,Borsod-Abaúj-Zemplén
07047,Baracs,Fejér
07056,Öreglak,Somogy
07065,Városlőd,Veszprém
07074,Vázsnok,Baranya
07083,Tiszanána,Heves
07092,Szentbékkálla,Veszprém
07108,Tinnye,Pest
07117,Balatonföldvár,Somogy
07126,Hetvehely,Baranya
07135,Cserszegtomaj,Zala
07144,Piliscsaba,Pest
07153,Palkonya,Baranya
07162,Pácsony,Vas
07171,Sorkifalud,Vas
07180,Sarud,Heves
07199,Patak,Nógrád
07205,Újvárfalva,Somogy
07214,Acsád,Vas
07223,Vadna,Borsod-Abaúj-Zemplén
07232,Zalaszentlászló,Zala
07241,Apc,Heves
07250,Hosztót,Veszprém
07269,Lepsény,Fejér
07278,Püspökmolnári,Vas
07287,Bakonykoppány,Veszprém
07296,Bögöte,Vas
07302,Adásztevel,Veszprém
07311,Bokod,Komárom-Esztergom
07320,Debercsény,Nógrád
07339,Aszófő,Veszprém
07348,Papkeszi,Veszprém
07357,Makó,Csongrád-Csanád
07366,Szárász,Baranya
07375,Balatonkeresztúr,Somogy
07384,Solymár,Pest
07393,Gerendás,Békés
07409,Pásztó,Nógrád
07418,Kengyel,Jász-Nagykun-Szolnok
07427,Bazsi,Veszprém
07436,Parád,Heves
07445,Kocsord,Szabolcs-Szatmár-Bereg
07463,Mérk,Szabolcs-Szatmár-Bereg
07472,Berkesz,Szabolcs-Szatmár-Bereg
07481,Győrújbarát,Győr-Moson-Sopron
07490,Tószeg,Jász-Nagykun-Szolnok
07506,Lajoskomárom,Fejér
07515,Domoszló,Heves
07524,Drágszél,Bács-Kiskun
07533,Bürüs,Baranya
07542,Szentlőrinckáta,Pest
07551,Rádóckölked,Vas
07560,Garé,Baranya
07579,Zalabaksa,Zala
07588,Felsőregmec,Borsod-Abaúj-Zemplén
07597,Tiszavasvári,Szabolcs-Szatmár-Bereg
07603,Bánfa,Baranya
07612,Dunavecse,Bács-Kiskun
07621,Alsótold,Nógrád
07630,Kömlőd,Komárom-Esztergom
07649,Harka,Győr-Moson-Sopron
07658,Nemeshetés,Zala
07667,Oszkó,Vas
07676,Gyulaháza,Szabolcs-Szatmár-Bereg
07685,Dombóvár,Tolna
07694,Szőkéd,Baranya
07700,Szepetnek,Zala
07719,Dámóc,Borsod-Abaúj-Zemplén
07728,Kunbaracs,Bács-Kiskun
07737,Merenye,Baranya
07746,Répcevis,Győr-Moson-Sopron
07755,Óföldeák,Csongrád-Csanád
07764,Kánó,Borsod-Abaúj-Zemplén
07773,Dencsháza,Baranya
07782,Döbröce,Zala
07807,Isaszeg,Pest
07816,Kisbodak,Győr-Moson-Sopron
07825,Monok,Borsod-Abaúj-Zemplén
07834,Derekegyház,Csongrád-Csanád
07843,Jánkmajtis,Szabolcs-Szatmár-Bereg
07852,Tiszaszőlős,Jász-Nagykun-Szolnok
07861,Dunapataj,Bács-Kiskun
07870,Szigetcsép,Pest
07889,Szőlősardó,Borsod-Abaúj-Zemplén
07898,Halimba,Veszprém
07904,Nyírcsaholy,Szabolcs-Szatmár-Bereg
07913,Nemesdéd,Somogy
07922,Szentgál,Veszprém
07931,Kisapáti,Veszprém
07940,Viszák,Vas
07959,Szilaspogony,Nógrád
07968,Murarátka,Zala
07977,Ispánk,Vas
07986,Bucsuta,Zala
07995,Lövőpetri,Szabolcs-Szatmár-Bereg
08004,Hét,Borsod-Abaúj-Zemplén
08013,Felsőjánosfa,Vas
08022,Bükkszentkereszt,Borsod-Abaúj-Zemplén
08040,Csoma,Somogy
08059,Nemesszentandrás,Zala
08068,Gellénháza,Zala
08077,Szendrő,Borsod-Abaúj-Zemplén
08086,Ináncs,Borsod-Abaúj-Zemplén
08095,Imrehegy,Bács-Kiskun
08101,Sárhida,Zala
08110,Kórós,Baranya
08129,Sajóörös,Borsod-Abaúj-Zemplén
08138,Várad,Baranya
08147,Szászfa,Borsod-Abaúj-Zemplén
08156,Drégelypalánk,Nógrád
08165,Tard,Borsod-Abaúj-Zemplén
08174,Felsőberecki,Borsod-Abaúj-Zemplén
08183,Vése,Somogy
08192,Bordány,Csongrád-Csanád
08208,Budapest 16. ker.,főváros
08217,Alsótelekes,Borsod-Abaúj-Zemplén
08226,Hegyhátszentpéter,Vas
08244,Nagyszénás,Békés
08253,Klárafalva,Csongrád-Csanád
08262,Nagygyimót,Veszprém
08271,Cák,Vas
08280,Telki,Pest
08299,Bakonya,Baranya
08305,Bócsa,Bács-Kiskun
08314,Hódmezővásárhely,Csongrád-Csanád
08323,Gyöngyöspata,Heves
08332,Táborfalva,Pest
08341,Okorvölgy,Baranya
08350,Harkakötöny,Bács-Kiskun
08369,Vöckönd,Zala
08378,Jászszentlászló,Bács-Kiskun
08387,Nógrádsáp,Nógrád
08396,Boldva,Borsod-Abaúj-Zemplén
08402,Regéc,Borsod-Abaúj-Zemplén
08411,Kastélyosdombó,Somogy
08420,Napkor,Szabolcs-Szatmár-Bereg
08439,Bánokszentgyörgy,Zala
08448,Értény,Tolna
08457,Pilisszentlászló,Pest
08466,Beloiannisz,Fejér
08475,Szajk,Baranya
08484,Szentistvánbaksa,Borsod-Abaúj-Zemplén
08493,Csenyéte,Borsod-Abaúj-Zemplén
08509,Kishódos,Szabolcs-Szatmár-Bereg
08518,Sopron,Győr-Moson-Sopron
08527,Sirok,Heves
08536,Szany,Győr-Moson-Sopron
08545,Őrbottyán,Pest
08554,Tiszakanyár,Szabolcs-Szatmár-Bereg
08563,Csapod,Győr-Moson-Sopron
08572,Kétújfalu,Baranya
08581,Baracska,Fejér
08590,Tab,Somogy
08606,Sikátor,Győr-Moson-Sopron
08615,Szentliszló,Zala
08624,Bársonyos,Komárom-Esztergom
08633,Tiszapalkonya,Borsod-Abaúj-Zemplén
08642,Kálló,Nógrád
08651,Kisszentmárton,Baranya
08660,Demjén,Heves
08679,Öregcsertő,Bács-Kiskun
08688,Süttő,Komárom-Esztergom
08697,Bácsszentgyörgy,Bács-Kiskun
08703,Büssü,Somogy
08712,Jobbágyi,Nógrád
08721,Győrasszonyfa,Győr-Moson-Sopron
08730,Bakonycsernye,Fejér
08749,Karakószörcsök,Veszprém
08758,Tát,Komárom-Esztergom
08767,Alsószenterzsébet,Zala
08776,Ajak,Szabolcs-Szatmár-Bereg
08785,Újsolt,Bács-Kiskun
08794,Tiszakóród,Szabolcs-Szatmár-Bereg
08800,Siklósnagyfalu,Baranya
08819,Felsőszentmárton,Baranya
08828,Teskánd,Zala
08837,Háromfa,Somogy
08846,Baskó,Borsod-Abaúj-Zemplén
08855,Karancskeszi,Nógrád
08864,Bátaszék,Tolna
08873,Apátistvánfalva,Vas
08882,Peresznye,Vas
08891,Biatorbágy,Pest
08907,Nagykereki,Hajdú-Bihar
08916,Magyarföld,Zala
08925,Adony,Fejér
08934,Vámosoroszi,Szabolcs-Szatmár-Bereg
08943,Körösszegapáti,Hajdú-Bihar
08952,Tiborszállás,Szabolcs-Szatmár-Bereg
08961,Őcsény,Tolna
08970,Sajósenye,Borsod-Abaúj-Zemplén
08989,Vámospércs,Hajdú-Bihar
08998,Túrricse,Szabolcs-Szatmár-Bereg
09007,Szalatnak,Baranya
09016,Monaj,Borsod-Abaúj-Zemplén
09025,Őr,Szabolcs-Szatmár-Bereg
09034,Berkenye,Nógrád
09043,Szente,Nógrád
09052,Tarnaszentmária,Heves
09061,Rápolt,Szabolcs-Szatmár-Bereg
09070,Csénye,Vas
09089,Gelsesziget,Zala
09098,Kaposfő,Somogy
09104,Vácszentlászló,Pest
09113,Tiszaeszlár,Szabolcs-Szatmár-Bereg
09122,Farmos,Pest
09131,Bag,Pest
09140,Lórév,Pest
09159,Drávakeresztúr,Baranya
09168,Belezna,Zala
09177,Gige,Somogy
09186,Dunaszekcső,Baranya
09195,Vásárosmiske,Vas
09201,Detk,Heves
09210,Földeák,Csongrád-Csanád
09229,Tokorcs,Vas
09238,Nyírgyulaj,Szabolcs-Szatmár-Bereg
09247,Dabas,Pest
09256,Nyírtét,Szabolcs-Szatmár-Bereg
09265,Kisvárda,Szabolcs-Szatmár-Bereg
09274,Varászló,Somogy
09283,Nagygeresd,Vas
09292,Gecse,Veszprém
09308,Szemely,Baranya
09317,Révleányvár,Borsod-Abaúj-Zemplén
09326,Jágónak,Tolna
09344,Kiskőrös,Bács-Kiskun
09353,Aranyosapáti,Szabolcs-Szatmár-Bereg
09362,Aggtelek,Borsod-Abaúj-Zemplén
09371,Pálfa,Tolna
09380,Zalaújlak,Zala
09399,Hernádcéce,Borsod-Abaúj-Zemplén
09405,Tápióság,Pest
09414,Várdomb,Tolna
09423,Tiszaadony,Szabolcs-Szatmár-Bereg
09432,Ecsegfalva,Békés
09441,Gomba,Pest
09450,Márfa,Baranya
09469,Jánoshalma,Bács-Kiskun
09478,Nagyhegyes,Hajdú-Bihar
09487,Fertőendréd,Győr-Moson-Sopron
09496,Szirmabesenyő,Borsod-Abaúj-Zemplén
09502,Vid,Veszprém
09511,Gádoros,Békés
09520,Gyulakeszi,Veszprém
09539,Dunaszentgyörgy,Tolna
09548,Kisvaszar,Baranya
09557,Tomajmonostora,Jász-Nagykun-Szolnok
09566,Budapest 01. ker.,főváros
09575,Kerkaszentkirály,Zala
09584,Dunaharaszti,Pest
09593,Tura,Pest
09609,Recsk,Heves
09618,Pári,Tolna
09627,Tiszatenyő,Jász-Nagykun-Szolnok
09636,Görcsönydoboka,Baranya
09645,Vörs,Somogy
09654,Ilk,Szabolcs-Szatmár-Bereg
09663,Babarcszőlős,Baranya
09672,Nemesrempehollós,Vas
09681,Cégénydányád,Szabolcs-Szatmár-Bereg
09690,Halásztelek,Pest
09706,Gömörszőlős,Borsod-Abaúj-Zemplén
09715,Császló,Szabolcs-Szatmár-Bereg
09724,Győrvár,Vas
09733,Vigántpetend,Veszprém
09742,Felsődobsza,Borsod-Abaúj-Zemplén
09751,Kisszekeres,Szabolcs-Szatmár-Bereg
09760,Békés,Békés
09779,Csór,Fejér
09788,Sárfimizdó,Vas
09797,Nézsa,Nógrád
09803,Szentkatalin,Baranya
09812,Kisgörbő,Zala
09821,Pilis,Pest
09830,Szemere,Borsod-Abaúj-Zemplén
09849,Hernád,Pest
09858,Komlósd,Somogy
09867,Pölöske,Zala
09876,Chernelházadamonya,Vas
09885,Fertőd,Győr-Moson-Sopron
09894,Borsosberény,Nógrád
09900,Rácalmás,Fejér
09919,Tuzsér,Szabolcs-Szatmár-Bereg
09928,Hetes,Somogy
09937,Kenyeri,Vas
09946,Hencse,Somogy
09955,Kövegy,Csongrád-Csanád
09964,Tófalu,Heves
09973,Délegyháza,Pest
09982,Szűcsi,Heves
09991,Nagykovácsi,Pest
10001,Nagydém,Veszprém
10010,Lulla,Somogy
10029,Hövej,Győr-Moson-Sopron
10038,Liptód,Baranya
10047,Csáfordjánosfa,Győr-Moson-Sopron
10056,Borsfa,Zala
10065,Szentimrefalva,Veszprém
10074,Istenmezeje,Heves
10083,Szakcs,Tolna
10092,Örvényes,Veszprém
10108,Áporka,Pest
10117,Újkenéz,Szabolcs-Szatmár-Bereg
10126,Győrtelek,Szabolcs-Szatmár-Bereg
10135,Palotabozsok,Baranya
10144,Varbóc,Borsod-Abaúj-Zemplén
10153,Torvaj,Somogy
10162,Püspökladány,Hajdú-Bihar
10171,Sajógalgóc,Borsod-Abaúj-Zemplén
10180,Bácsbokod,Bács-Kiskun
10199,Szarvasgede,Nógrád
10205,Tiszarád,Szabolcs-Szatmár-Bereg
10214,Budapest 22. ker.,főváros
10223,Szalafő,Vas
10232,Egyházashetye,Vas
10241,Hevesaranyos,Heves
10250,Farkasgyepű,Veszprém
10269,Hahót,Zala
10278,Sé,Vas
10287,Kondoros,Békés
10296,Gárdony,Fejér
10302,Vasboldogasszony,Zala
10311,Pusztacsó,Vas
10320,Vizslás,Nógrád
10339,Ásotthalom,Csongrád-Csanád
10348,Zalakomár,Zala
10357,Abod,Borsod-Abaúj-Zemplén
10366,Füzérradvány,Borsod-Abaúj-Zemplén
10375,Tornakápolna,Borsod-Abaúj-Zemplén
10384,Bejcgyertyános,Vas
10393,Hajdúhadház,Hajdú-Bihar
10409,Németbánya,Veszprém
10418,Nagyút,Heves
10427,Magyaratád,Somogy
10436,Szamossályi,Szabolcs-Szatmár-Bereg
10445,Egyházaskesző,Veszprém
10454,Dunasziget,Győr-Moson-Sopron
10463,Kölesd,Tolna
10472,Császártöltés,Bács-Kiskun
10481,Bicske,Fejér
10490,Dorog,Komárom-Esztergom
10506,Bodrog,Somogy
10515,Maroslele,Csongrád-Csanád
10524,Detek,Borsod-Abaúj-Zemplén
10533,Dávod,Bács-Kiskun
10542,Kémes,Baranya
10551,Monor,Pest
10560,Bezi,Győr-Moson-Sopron
10579,Sajtoskál,Vas
10588,Beled,Győr-Moson-Sopron
10597,Rum,Vas
10603,Csurgónagymarton,Somogy
10612,Komjáti,Borsod-Abaúj-Zemplén
10621,Bükkszenterzsébet,Heves
10630,Őriszentpéter,Vas
10649,Csertalakos,Zala
10658,Fertőhomok,Győr-Moson-Sopron
10667,Városföld,Bács-Kiskun
10676,Halogy,Vas
10685,Vállus,Zala
10694,Bogdása,Baranya
10700,Budapest 10. ker.,főváros
10719,Bácsalmás,Bács-Kiskun
10728,Edelény,Borsod-Abaúj-Zemplén
10737,Vámosmikola,Pest
10746,Kistótfalu,Baranya
10755,Majosháza,Pest
10764,Körösnagyharsány,Békés
10773,Tiszabő,Jász-Nagykun-Szolnok
10782,Boncodfölde,Zala
10791,Fülesd,Szabolcs-Szatmár-Bereg
10807,Nyírparasznya,Szabolcs-Szatmár-Bereg
10816,Kiskunlacháza,Pest
10825,Pécsvárad,Baranya
10834,Olcsvaapáti,Szabolcs-Szatmár-Bereg
10843,Nick,Vas
10852,Érpatak,Szabolcs-Szatmár-Bereg
10861,Ecseny,Somogy
10870,Doba,Veszprém
10889,Lispeszentadorján,Zala
10904,Garadna,Borsod-Abaúj-Zemplén
10913,Karakó,Vas
10922,Maglód,Pest
10931,Hagyárosbörönd,Zala
10940,Nagykozár,Baranya
10959,Nikla,Somogy
10968,Mogyoróska,Borsod-Abaúj-Zemplén
10977,Tiszavalk,Borsod-Abaúj-Zemplén
10986,Szulok,Somogy
10995,Kerékteleki,Komárom-Esztergom
11004,Jászkarajenő,Pest
11013,Szihalom,Heves
11022,Zsujta,Borsod-Abaúj-Zemplén
11031,Tolnanémedi,Tolna
11040,Lakócsa,Somogy
11059,Baglad,Zala
11068,Röjtökmuzsaj,Győr-Moson-Sopron
11086,Cún,Baranya
11095,Nyírlövő,Szabolcs-Szatmár-Bereg
11101,Szőlősgyörök,Somogy
11110,Szuhakálló,Borsod-Abaúj-Zemplén
11129,Olcsva,Szabolcs-Szatmár-Bereg
11138,Vekerd,Hajdú-Bihar
11147,Kisrákos,Vas
11156,Gór,Vas
11165,Szentpéterúr,Zala
11174,Kéthely,Somogy
11183,Kisdér,Baranya
11192,Igal,Somogy
11208,Hosszúvölgy,Zala
11217,Szűr,Baranya
11226,Hangács,Borsod-Abaúj-Zemplén
11235,Kőtelek,Jász-Nagykun-Szolnok
11244,Pócspetri,Szabolcs-Szatmár-Bereg
11253,Fertőboz,Győr-Moson-Sopron
11262,Kóny,Győr-Moson-Sopron
11271,Nyírlugos,Szabolcs-Szatmár-Bereg
11280,Katymár,Bács-Kiskun
11299,Bököny,Szabolcs-Szatmár-Bereg
11305,Besenyszög,Jász-Nagykun-Szolnok
11314,Budapest 15. ker.,főváros
11323,Mezőkeresztes,Borsod-Abaúj-Zemplén
11332,Sajónémeti,Borsod-Abaúj-Zemplén
11341,Cegléd,Pest
11350,Damak,Borsod-Abaúj-Zemplén
11369,Szakony,Győr-Moson-Sopron
11378,Füzérkomlós,Borsod-Abaúj-Zemplén
11387,Ikervár,Vas
11396,Pilisszentiván,Pest
11402,Mecsekpölöske,Baranya
11411,Halmajugra,Heves
11420,Pula,Veszprém
11439,Várpalota,Veszprém
11448,Kisrozvágy,Borsod-Abaúj-Zemplén
11457,Tényő,Győr-Moson-Sopron
11466,Zala,Somogy
11475,Lendvajakabfa,Zala
11484,Somogycsicsó,Somogy
11493,Szinpetri,Borsod-Abaúj-Zemplén
11509,Szenta,Somogy
11518,Rádfalva,Baranya
11527,Balaton,Heves
11536,Magyardombegyház,Békés
11545,Szentjakabfa,Veszprém
11554,Szécsisziget,Zala
11563,Alsónyék,Tolna
11572,Petőmihályfa,Vas
11581,Vilmány,Borsod-Abaúj-Zemplén
11590,Piliny,Nógrád
11606,Dunaszentbenedek,Bács-Kiskun
11615,Körösladány,Békés
11624,Bodmér,Fejér
11633,Vasszentmihály,Vas
11642,Felsőpáhok,Zala
11651,Bögöt,Vas
11660,Legyesbénye,Borsod-Abaúj-Zemplén
11679,Jánosháza,Vas
11688,Diósberény,Tolna
11697,Hidasnémeti,Borsod-Abaúj-Zemplén
11703,Vöröstó,Veszprém
11712,Báta,Tolna
11730,Orfű,Baranya
11749,Mezőnyárád,Borsod-Abaúj-Zemplén
11758,Meszes,Borsod-Abaúj-Zemplén
11767,Veszprém,Veszprém
11776,Sárszentmihály,Fejér
11785,Zalakaros,Zala
11794,Szank,Bács-Kiskun
11800,Vindornyaszőlős,Zala
11819,Kurityán,Borsod-Abaúj-Zemplén
11828,Porrog,Somogy
11837,Pocsaj,Hajdú-Bihar
11846,Kétbodony,Nógrád
11855,Pápakovácsi,Veszprém
11864,Érsekcsanád,Bács-Kiskun
11873,Mezőhegyes,Békés
11882,Abda,Győr-Moson-Sopron
11891,Héreg,Komárom-Esztergom
11907,Tiszamogyorós,Szabolcs-Szatmár-Bereg
11916,Balatonőszöd,Somogy
11925,Újtikos,Hajdú-Bihar
11934,Üröm,Pest
11943,Gyöngyösfalu,Vas
11952,Dinnyeberki,Baranya
11961,Bátya,Bács-Kiskun
11970,Bikács,Tolna
11989,Murony,Békés
11998,Csibrák,Tolna
12007,Szatymaz,Csongrád-Csanád
12016,Becske,Nógrád
12025,Csólyospálos,Bács-Kiskun
12034,Kelemér,Borsod-Abaúj-Zemplén
12043,Ölbő,Vas
12052,Budakeszi,Pest
12061,Hermánszeg,Szabolcs-Szatmár-Bereg
12070,Pétervására,Heves
12089,Gelse,Zala
12098,Nyírtura,Szabolcs-Szatmár-Bereg
12104,Vasszilvágy,Vas
12113,Kajárpéc,Győr-Moson-Sopron
12122,Letenye,Zala
12131,Nógrádmegyer,Nógrád
12140,Csepreg,Vas
12159,Hejőszalonta,Borsod-Abaúj-Zemplén
12168,Patca,Somogy
12177,Kardoskút,Békés
12186,Pátroha,Szabolcs-Szatmár-Bereg
12195,Romhány,Nógrád
12201,Zók,Baranya
12210,Tállya,Borsod-Abaúj-Zemplén
12229,Terpes,Heves
12238,Balatonederics,Veszprém
12247,Kemenesmagasi,Vas
12256,Füzesgyarmat,Békés
12265,Székkutas,Csongrád-Csanád
12274,Nyírmada,Szabolcs-Szatmár-Bereg
12283,Máriakálnok,Győr-Moson-Sopron
12292,Zsennye,Vas
12308,Hédervár,Győr-Moson-Sopron
12317,Andrásfa,Vas
12326,Györköny,Tolna
12335,Tompaládony,Vas
12344,Csengőd,Bács-Kiskun
12353,Kistamási,Baranya
12362,Pálháza,Borsod-Abaúj-Zemplén
12371,Pamlény,Borsod-Abaúj-Zemplén
12380,Drávapiski,Baranya
12399,Kistokaj,Borsod-Abaúj-Zemplén
12405,Vámosszabadi,Győr-Moson-Sopron
12414,Fertőrákos,Győr-Moson-Sopron
12423,Rákócziújfalu,Jász-Nagykun-Szolnok
12432,Fedémes,Heves
12441,Abádszalók,Jász-Nagykun-Szolnok
12450,Csökmő,Hajdú-Bihar
12469,Rátka,Borsod-Abaúj-Zemplén
12478,Kemenesszentpéter,Veszprém
12487,Újcsanálos,Borsod-Abaúj-Zemplén
12496,Zalaistvánd,Zala
12502,Kisnána,Heves
12511,Dejtár,Nógrád
12520,Ságújfalu,Nógrád
12539,Gyűrűs,Zala
12548,Abaliget,Baranya
12557,Fancsal,Borsod-Abaúj-Zemplén
12566,Dunafalva,Bács-Kiskun
12575,Lenti,Zala
12593,Tiszadob,Szabolcs-Szatmár-Bereg
12609,Türje,Zala
12618,Kertészsziget,Békés
12627,Sokorópátka,Győr-Moson-Sopron
12636,Kisapostag,Fejér
12645,Óbánya,Baranya
12654,Zalahaláp,Veszprém
12663,Kaposkeresztúr,Somogy
12672,Kisvarsány,Szabolcs-Szatmár-Bereg
12681,Telekgerendás,Békés
12690,Sződ,Pest
12706,Háromhuta,Borsod-Abaúj-Zemplén
12715,Pázmándfalu,Győr-Moson-Sopron
12724,Csehimindszent,Vas
12733,Horvátlövő,Vas
12742,Ganna,Veszprém
12751,Gerde,Baranya
12760,Nagybakónak,Zala
12779,Nagylak,Csongrád-Csanád
12788,Berettyóújfalu,Hajdú-Bihar
12797,Ópusztaszer,Csongrád-Csanád
12803,Hajdúdorog,Hajdú-Bihar
12812,Mezőörs,Győr-Moson-Sopron
12821,Egerbakta,Heves
12830,Bezeréd,Zala
12849,Kisjakabfalva,Baranya
12858,Nagyhajmás,Baranya
12867,Pereked,Baranya
12876,Somogymeggyes,Somogy
12885,Nyékládháza,Borsod-Abaúj-Zemplén
12894,Üllő,Pest
12900,Köröstarcsa,Békés
12919,Vonyarcvashegy,Zala
12928,Csaholc,Szabolcs-Szatmár-Bereg
12937,Hercegszántó,Bács-Kiskun
12946,Garabonc,Zala
12955,Nyúl,Győr-Moson-Sopron
12964,Püski,Győr-Moson-Sopron
12973,Szentgáloskér,Somogy
12982,Vilyvitány,Borsod-Abaúj-Zemplén
12991,Galambok,Zala
13000,Gemzse,Szabolcs-Szatmár-Bereg
13019,Hodász,Szabolcs-Szatmár-Bereg
13028,Kondorfa,Vas
13037,Zsurk,Szabolcs-Szatmár-Bereg
13046,Szamosszeg,Szabolcs-Szatmár-Bereg
13055,Kissziget,Zala
13064,Magyarszerdahely,Zala
13082,Kozmadombja,Zala
13091,Zalaszentmárton,Zala
13116,Boldogasszonyfa,Baranya
13125,Takácsi,Veszprém
13134,Golop,Borsod-Abaúj-Zemplén
13143,Jéke,Szabolcs-Szatmár-Bereg
13152,Cece,Fejér
13161,Röszke,Csongrád-Csanád
13170,Csépa,Jász-Nagykun-Szolnok
13189,Budapest 21. ker.,főváros
13198,Győrladamér,Győr-Moson-Sopron
13204,Hont,Nógrád
13213,Tunyogmatolcs,Szabolcs-Szatmár-Bereg
13222,Mihálygerge,Nógrád
13231,Szentdomonkos,Heves
13240,Tarnalelesz,Heves
13259,Szabadegyháza,Fejér
13268,Sóstófalva,Borsod-Abaúj-Zemplén
13277,Szigethalom,Pest
13286,Felsőegerszeg,Baranya
13295,Galgagyörk,Pest
13301,Zalaszentlőrinc,Zala
13310,Bicsérd,Baranya
13329,Almamellék,Baranya
13338,Gyöngyösoroszi,Heves
13347,Gerényes,Baranya
13356,Égerszög,Borsod-Abaúj-Zemplén
13365,Botykapeterd,Baranya
13374,Kázsmárk,Borsod-Abaúj-Zemplén
13383,Domaszék,Csongrád-Csanád
13392,Budapest 05. ker.,főváros
13408,Ballószög,Bács-Kiskun
13426,Kemenesmihályfa,Vas
13435,Nagykáta,Pest
13444,Mecseknádasd,Baranya
13453,Őrimagyarósd,Vas
13462,Iváncsa,Fejér
13471,Bucsa,Békés
13480,Erdőkertes,Pest
13499,Erzsébet,Baranya
13505,Csikvánd,Győr-Moson-Sopron
13514,Jászszentandrás,Jász-Nagykun-Szolnok
13523,Szúcs,Heves
13532,Körmend,Vas
13541,Tiszaszalka,Szabolcs-Szatmár-Bereg
13550,Nyírtelek,Szabolcs-Szatmár-Bereg
13569,Gosztola,Zala
13578,Budapest,
13587,Felsőcsatár,Vas
13596,Bükkábrány,Borsod-Abaúj-Zemplén
13602,Túristvándi,Szabolcs-Szatmár-Bereg
13611,Drávagárdony,Somogy
13620,Mucsfa,Tolna
13639,Besenyőd,Szabolcs-Szatmár-Bereg
13648,Egerszólát,Heves
13657,Balassagyarmat,Nógrád
13666,Királyhegyes,Csongrád-Csanád
13675,Tengeri,Baranya
13684,Perenye,Vas
13693,Táska,Somogy
13709,Nagyszokoly,Tolna
13718,Horpács,Nógrád
13727,Gacsály,Szabolcs-Szatmár-Bereg
13736,Zalavár,Zala
13745,Kőkút,Somogy
13754,Szanda,Nógrád
13763,Telkibánya,Borsod-Abaúj-Zemplén
13772,Sáska,Veszprém
13781,Kiskorpád,Somogy
13790,Polány,Somogy
13806,Kömpöc,Bács-Kiskun
13815,Tiszaföldvár,Jász-Nagykun-Szolnok
13824,Somodor,Somogy
13833,Mezőcsát,Borsod-Abaúj-Zemplén
13842,Kozárd,Nógrád
13851,Csertő,Baranya
13860,Pusztadobos,Szabolcs-Szatmár-Bereg
13879,Ivád,Heves
13888,Tiszakeszi,Borsod-Abaúj-Zemplén
13897,Vértesboglár,Fejér
13903,Nádasdladány,Fejér
13912,Magyarkeresztúr,Győr-Moson-Sopron
13921,Iklódbördőce,Zala
13930,Porrogszentkirály,Somogy
13949,Hévízgyörk,Pest
13958,Ják,Vas
13976,Tiszakarád,Borsod-Abaúj-Zemplén
13985,Felsőmocsolád,Somogy
13994,Bolhás,Somogy
14003,Nyíracsád,Hajdú-Bihar
14012,Őrtilos,Somogy
14021,Lukácsháza,Vas
14030,Nagymányok,Tolna
14058,Fülöpszállás,Bács-Kiskun
14067,Pápoc,Vas
14076,Tenk,Heves
14085,Sénye,Zala
14094,Tiszaug,Bács-Kiskun
14100,Kajdacs,Tolna
14119,Bezedek,Baranya
14128,Tarnaörs,Heves
14137,Bojt,Hajdú-Bihar
14146,Tápiószele,Pest
14155,Tokod,Komárom-Esztergom
14164,Harc,Tolna
14173,Bánd,Veszprém
14182,Várvölgy,Zala
14191,Nagyváty,Baranya
14207,Rákóczifalva,Jász-Nagykun-Szolnok
14216,Budapest 11. ker.,főváros
14225,Szentmargitfalva,Zala
14234,Buják,Nógrád
14243,Somlóvecse,Veszprém
14252,Apátfalva,Csongrád-Csanád
14261,Táp,Győr-Moson-Sopron
14270,Káptalanfa,Veszprém
14289,Csokvaomány,Borsod-Abaúj-Zemplén
14298,Ramocsa,Zala
14304,Závod,Tolna
14313,Sajókaza,Borsod-Abaúj-Zemplén
14322,Vaspör,Zala
14331,Arló,Borsod-Abaúj-Zemplén
14340,Pilisvörösvár,Pest
14359,Kékcse,Szabolcs-Szatmár-Bereg
14368,Bosta,Baranya
14377,Fülpösdaróc,Szabolcs-Szatmár-Bereg
14386,Kercseliget,Somogy
14395,Bakháza,Somogy
14401,Bodrogolaszi,Borsod-Abaúj-Zemplén
14410,Kübekháza,Csongrád-Csanád
14429,Alsógagy,Borsod-Abaúj-Zemplén
14438,Répceszemere,Győr-Moson-Sopron
14447,Tiszatelek,Szabolcs-Szatmár-Bereg
14456,Szentes,Csongrád-Csanád
14465,Tabajd,Fejér
14474,Boldogkőváralja,Borsod-Abaúj-Zemplén
14483,Máriakéménd,Baranya
14492,Ózd,Borsod-Abaúj-Zemplén
14508,Dombrád,Szabolcs-Szatmár-Bereg
14517,Kovácsszénája,Baranya
14526,Heves,Heves
14535,Kömlő,Heves
14544,Tataháza,Bács-Kiskun
14553,Kapolcs,Veszprém
14562,Balatonmáriafürdő,Somogy
14571,Tápiószentmárton,Pest
14580,Vámosgyörk,Heves
14599,Görgeteg,Somogy
14605,Lápafő,Tolna
14614,Ebes,Hajdú-Bihar
14623,Zákány,Somogy
14632,Fonyód,Somogy
14641,Márkháza,Nógrád
14650,Nagynyárád,Baranya
14669,Pilismarót,Komárom-Esztergom
14678,Darvas,Hajdú-Bihar
14687,Pinnye,Győr-Moson-Sopron
14696,Nyíribrony,Szabolcs-Szatmár-Bereg
14702,Kissikátor,Borsod-Abaúj-Zemplén
14711,Szálka,Tolna
14720,Pálfiszeg,Zala
14739,Rakamaz,Szabolcs-Szatmár-Bereg
14748,Kimle,Győr-Moson-Sopron
14757,Noszlop,Veszprém
14766,Dunatetétlen,Bács-Kiskun
14775,Nagybörzsöny,Pest
14784,Tardona,Borsod-Abaúj-Zemplén
14793,Rábakecöl,Győr-Moson-Sopron
14809,Mersevát,Vas
14818,Bonyhádvarasd,Tolna
14827,Székesfehérvár,Fejér
14836,Zagyvarékas,Jász-Nagykun-Szolnok
14845,Nyírbátor,Szabolcs-Szatmár-Bereg
14854,Szabadi,Somogy
14863,Látrány,Somogy
14872,Mátraderecske,Heves
14881,Sóshartyán,Nógrád
14890,Tomor,Borsod-Abaúj-Zemplén
14906,Sármellék,Zala
14915,Mályinka,Borsod-Abaúj-Zemplén
14924,Újszentiván,Csongrád-Csanád
14933,Bodony,Heves
14942,Ságvár,Somogy
14951,Sukoró,Fejér
14960,Zebegény,Pest
14979,Nagyrécse,Zala
14988,Pecöl,Vas
14997,Hegyháthodász,Vas
15006,Németkér,Tolna
15015,Tápióbicske,Pest
15024,Páty,Pest
15033,Enese,Győr-Moson-Sopron
15042,Babót,Győr-Moson-Sopron
15051,Matty,Baranya
15060,Nagymizdó,Vas
15079,Szabadszentkirály,Baranya
15088,Hetyefő,Veszprém
15097,Baktüttös,Zala
15103,Szenna,Somogy
15112,Kerkafalva,Zala
15121,Osli,Győr-Moson-Sopron
15130,Debrecen,Hajdú-Bihar
15149,Vámosújfalu,Borsod-Abaúj-Zemplén
15158,Zsana,Bács-Kiskun
15167,Bakonszeg,Hajdú-Bihar
15176,Alcsútdoboz,Fejér
15185,Szigetszentmárton,Pest
15194,Szólád,Somogy
15200,Békéscsaba,Békés
15219,Marócsa,Baranya
15228,Győrzámoly,Győr-Moson-Sopron
15237,Egyházasfalu,Győr-Moson-Sopron
15246,Pusztamonostor,Jász-Nagykun-Szolnok
15255,Lábatlan,Komárom-Esztergom
15264,Kéked,Borsod-Abaúj-Zemplén
15273,Rábaszentandrás,Győr-Moson-Sopron
15282,Vértessomló,Komárom-Esztergom
15291,Újszász,Jász-Nagykun-Szolnok
15307,Kápolna,Heves
15316,Szakadát,Tolna
15325,Szátok,Nógrád
15334,Vasegerszeg,Vas
15343,Fertőszentmiklós,Győr-Moson-Sopron
15352,Nyergesújfalu,Komárom-Esztergom
15361,Hajmáskér,Veszprém
15370,Etes,Nógrád
15389,Pécsdevecser,Baranya
15398,Pirtó,Bács-Kiskun
15404,Szulimán,Baranya
15413,Pusztaradvány,Borsod-Abaúj-Zemplén
15422,Rábatamási,Győr-Moson-Sopron
15431,Petőfiszállás,Bács-Kiskun
15440,Szentendre,Pest
15459,Regöly,Tolna
15468,Nagyhuta,Borsod-Abaúj-Zemplén
15477,Kismarja,Hajdú-Bihar
15486,Kiszsidány,Vas
15495,Basal,Baranya
15501,Bősárkány,Győr-Moson-Sopron
15510,Kőröshegy,Somogy
15529,Pér,Győr-Moson-Sopron
15538,Kővágószőlős,Baranya
15547,Pénzesgyőr,Veszprém
15556,Sand,Zala
15565,Balatonudvari,Veszprém
15574,Nagykörű,Jász-Nagykun-Szolnok
15583,Pusztazámor,Pest
15592,Patosfa,Somogy
15608,Gesztely,Borsod-Abaúj-Zemplén
15617,Zalkod,Borsod-Abaúj-Zemplén
15626,Somogysámson,Somogy
15635,Tarrós,Baranya
15644,Tiszacsege,Hajdú-Bihar
15653,Győrszemere,Győr-Moson-Sopron
15662,Abaújalpár,Borsod-Abaúj-Zemplén
15671,Pósfa,Vas
15680,Jósvafő,Borsod-Abaúj-Zemplén
15699,Csikéria,Bács-Kiskun
15705,Vilonya,Veszprém
15714,Szárföld,Győr-Moson-Sopron
15723,Mesteri,Vas
15732,Kaposújlak,Somogy
15741,Egyek,Hajdú-Bihar
15750,Gánt,Fejér
15769,Esztergályhorváti,Zala
15778,Barnag,Veszprém
15787,Tiszaörs,Jász-Nagykun-Szolnok
15796,Ludas,Heves
15802,Nyírbéltek,Szabolcs-Szatmár-Bereg
15811,Jászboldogháza,Jász-Nagykun-Szolnok
15820,Felsőnána,Tolna
15839,Hernádbűd,Borsod-Abaúj-Zemplén
15848,Zengővárkony,Baranya
15857,Lak,Borsod-Abaúj-Zemplén
15866,Szentlőrinc,Baranya
15875,Dunaszentpál,Győr-Moson-Sopron
15884,Drávatamási,Somogy
15893,Pácin,Borsod-Abaúj-Zemplén
15909,Nágocs,Somogy
15918,Gyúró,Fejér
15927,Jákó,Somogy
15936,Gönc,Borsod-Abaúj-Zemplén
15945,Sajómercse,Borsod-Abaúj-Zemplén
15954,Cirák,Győr-Moson-Sopron
15963,Balsa,Szabolcs-Szatmár-Bereg
15972,Jenő,Fejér
15981,Somogydöröcske,Somogy
15990,Daraboshegy,Vas
16009,Dötk,Zala
16018,Mélykút,Bács-Kiskun
16027,Monyoród,Baranya
16036,Kisnamény,Szabolcs-Szatmár-Bereg
16045,Kunágota,Békés
16054,Sajószentpéter,Borsod-Abaúj-Zemplén
16063,Szajla,Heves
16072,Csajág,Veszprém
16081,Kispáli,Zala
16090,Atkár,Heves
16106,Mesztegnyő,Somogy
16115,Pellérd,Baranya
16124,Borsodgeszt,Borsod-Abaúj-Zemplén
16133,Rakacaszend,Borsod-Abaúj-Zemplén
16142,Külsővat,Veszprém
16151,Dozmat,Vas
16160,Tarnaszentmiklós,Heves
16179,Szögliget,Borsod-Abaúj-Zemplén
16188,Aszód,Pest
16197,Ambrózfalva,Csongrád-Csanád
16203,Záhony,Szabolcs-Szatmár-Bereg
16212,Tanakajd,Vas
16221,Lipót,Győr-Moson-Sopron
16230,Tiszaderzs,Jász-Nagykun-Szolnok
16249,Kiscsehi,Zala
16258,Lad,Somogy
16267,Szentkirályszabadja,Veszprém
16276,Ordas,Bács-Kiskun
16285,Mindszentgodisa,Baranya
16294,Uszód,Bács-Kiskun
16300,Szamoskér,Szabolcs-Szatmár-Bereg
16319,Völcsej,Győr-Moson-Sopron
16328,Felsőtárkány,Heves
16337,Budapest 14. ker.,főváros
16346,Besnyő,Fejér
16355,Szentlászló,Baranya
16364,Kisvásárhely,Zala
16373,Csávoly,Bács-Kiskun
16382,Tótszentmárton,Zala
16391,Nagybárkány,Nógrád
16407,Tótújfalu,Somogy
16416,Császár,Komárom-Esztergom
16425,Alsópetény,Nógrád
16434,Tótkomlós,Békés
16443,Markóc,Baranya
16452,Nagyvejke,Tolna
16461,Berkesd,Baranya
16470,Balatonújlak,Somogy
16489,Szápár,Veszprém
16498,Egyházasharaszti,Baranya
16504,Szaknyér,Vas
16513,Nagyrada,Zala
16522,Nyírvasvári,Szabolcs-Szatmár-Bereg
16531,Fűzvölgy,Zala
16540,Markaz,Heves
16559,Komlóska,Borsod-Abaúj-Zemplén
16568,Görbeháza,Hajdú-Bihar
16577,Imola,Borsod-Abaúj-Zemplén
16586,Budapest 06. ker.,főváros
16595,Oroszi,Veszprém
16601,Balatonszabadi,Somogy
16610,Egercsehi,Heves
16629,Magy,Szabolcs-Szatmár-Bereg
16638,Sajópetri,Borsod-Abaúj-Zemplén
16647,Fegyvernek,Jász-Nagykun-Szolnok
16656,Vászoly,Veszprém
16665,Kölcse,Szabolcs-Szatmár-Bereg
16674,Töltéstava,Győr-Moson-Sopron
16683,Káloz,Fejér
16692,Szőc,Veszprém
16708,Écs,Győr-Moson-Sopron
16717,Gic,Veszprém
16726,Hedrehely,Somogy
16735,Tarany,Somogy
16744,Bajna,Komárom-Esztergom
16753,Szalonna,Borsod-Abaúj-Zemplén
16762,Váncsod,Hajdú-Bihar
16771,Székelyszabar,Baranya
16780,Hejőpapi,Borsod-Abaúj-Zemplén
16799,Borsodszirák,Borsod-Abaúj-Zemplén
16805,Kékesd,Baranya
16814,Szedres,Tolna
16823,Ordacsehi,Somogy
16832,Kőszeg,Vas
16841,Csány,Heves
16850,Pórszombat,Zala
16869,Zsebeháza,Győr-Moson-Sopron
16878,Hugyag,Nógrád
16887,Horvátzsidány,Vas
16896,Zalaigrice,Zala
16902,Tornabarakony,Borsod-Abaúj-Zemplén
16911,Kemeneskápolna,Vas
16920,Pusztaapáti,Zala
16939,Orgovány,Bács-Kiskun
16948,Mátyásdomb,Fejér
16957,Tornyospálca,Szabolcs-Szatmár-Bereg
16966,Tiszasziget,Csongrád-Csanád
16975,Kisherend,Baranya
16984,Szellő,Baranya
16993,Furta,Hajdú-Bihar
17002,Balatongyörök,Zala
17011,Paloznak,Veszprém
17020,Bajánsenye,Vas
17039,Tagyon,Veszprém
17048,Pusztafalu,Borsod-Abaúj-Zemplén
17057,Zalavég,Zala
17066,Keresztéte,Borsod-Abaúj-Zemplén
17075,Jánd,Szabolcs-Szatmár-Bereg
17084,Penészlek,Szabolcs-Szatmár-Bereg
17093,Orfalu,Vas
17109,Füzér,Borsod-Abaúj-Zemplén
17118,Resznek,Zala
17127,Beleg,Somogy
17136,Hernádszentandrás,Borsod-Abaúj-Zemplén
17145,Kenderes,Jász-Nagykun-Szolnok
17154,Balatonszepezd,Veszprém
17163,Tarnazsadány,Heves
17172,Dabronc,Veszprém
17181,Ecséd,Heves
17190,Helesfa,Baranya
17206,Nyíregyháza,Szabolcs-Szatmár-Bereg
17215,Porcsalma,Szabolcs-Szatmár-Bereg
17224,Petneháza,Szabolcs-Szatmár-Bereg
17233,Nagymágocs,Csongrád-Csanád
17242,Pogány,Baranya
17251,Várgesztes,Komárom-Esztergom
17260,Ráckeve,Pest
17279,Juta,Somogy
17288,Magyarszecsőd,Vas
17297,Rábaszentmiklós,Győr-Moson-Sopron
17303,Tápiógyörgye,Pest
17312,Százhalombatta,Pest
17321,Taliándörögd,Veszprém
17330,Kisbér,Komárom-Esztergom
17349,Kiscsécs,Borsod-Abaúj-Zemplén
17358,Buzsák,Somogy
17367,Nárai,Vas
17376,Aba,Fejér
17385,Alsómocsolád,Baranya
17394,Geszt,Békés
17400,Zalaapáti,Zala
17419,Drávafok,Baranya
17428,Rozsály,Szabolcs-Szatmár-Bereg
17437,Jásd,Veszprém
17446,Kelevíz,Somogy
17455,Kokad,Hajdú-Bihar
17464,Kásád,Baranya
17473,Hajdúszovát,Hajdú-Bihar
17482,Újbarok,Fejér
17491,Zselicszentpál,Somogy
17507,Románd,Győr-Moson-Sopron
17516,Gáborjánháza,Zala
17525,Polgárdi,Fejér
17534,Gyöngyöshalász,Heves
17543,Bocfölde,Zala
17552,Mezőfalva,Fejér
17561,Nemesvid,Somogy
17570,Lesencefalu,Veszprém
17589,Jármi,Szabolcs-Szatmár-Bereg
17598,Valkó,Pest
17604,Liget,Baranya
17613,Gombosszeg,Zala
17622,Úrhida,Fejér
17631,Siófok,Somogy
17640,Keszőhidegkút,Tolna
17659,Egyházasdengeleg,Nógrád
17668,Vácrátót,Pest
17677,Lajosmizse,Bács-Kiskun
17686,Ágasegyháza,Bács-Kiskun
17695,Tiszasüly,Jász-Nagykun-Szolnok
17710,Kisdorog,Tolna
17729,Szarvaskend,Vas
17738,Igar,Fejér
17747,Zádor,Baranya
17756,Demecser,Szabolcs-Szatmár-Bereg
17765,Zsombó,Csongrád-Csanád
17774,Pusztavám,Fejér
17783,Mogyoród,Pest
17792,Patapoklosi,Baranya
17808,Újszilvás,Pest
17817,Tiszabecs,Szabolcs-Szatmár-Bereg
17826,Mándok,Szabolcs-Szatmár-Bereg
17835,Fazekasboda,Baranya
17844,Tikos,Somogy
17853,Szilvágy,Zala
17862,Pusztaberki,Nógrád
17871,Lesencetomaj,Veszprém
17880,Vásárosfalu,Győr-Moson-Sopron
17899,Kölked,Baranya
17905,Hegyeshalom,Győr-Moson-Sopron
17914,Felsőnyék,Tolna
17923,Jakabszállás,Bács-Kiskun
17932,Fony,Borsod-Abaúj-Zemplén
17941,Nagyatád,Somogy
17950,Fürged,Tolna
17969,Gyalóka,Győr-Moson-Sopron
17978,Jászdózsa,Jász-Nagykun-Szolnok
17987,Andornaktálya,Heves
17996,Rábatöttös,Vas
18005,Szamosangyalos,Szabolcs-Szatmár-Bereg
18023,Nemesrádó,Zala
18032,Hegyhátszentjakab,Vas
18041,Karmacs,Zala
18050,Sámod,Baranya
18069,Budapest 03. ker.,főváros
18078,Somogyfajsz,Somogy
18096,Zalaszentjakab,Zala
18102,Battonya,Békés
18111,Nagycsány,Baranya
18120,Bolhó,Somogy
18139,Ácsteszér,Komárom-Esztergom
18148,Kötcse,Somogy
18157,Tatabánya,Komárom-Esztergom
18166,Kéleshalom,Bács-Kiskun
18175,Gáborján,Hajdú-Bihar
18184,Baktakék,Borsod-Abaúj-Zemplén
18193,Gógánfa,Veszprém
18209,Jászberény,Jász-Nagykun-Szolnok
18218,Soltszentimre,Bács-Kiskun
18227,Kaposmérő,Somogy
18236,Nemeske,Baranya
18245,Taktaharkány,Borsod-Abaúj-Zemplén
18254,Bodajk,Fejér
18263,Szárazd,Tolna
18272,Csép,Komárom-Esztergom
18281,Kisköre,Heves
18290,Nyírkarász,Szabolcs-Szatmár-Bereg
18306,Tokaj,Borsod-Abaúj-Zemplén
18315,Gyód,Baranya
18324,Vásárosnamény,Szabolcs-Szatmár-Bereg
18333,Gilvánfa,Baranya
18342,Veresegyház,Pest
18351,Uppony,Borsod-Abaúj-Zemplén
18360,Becsvölgye,Zala
18379,Mezőnagymihály,Borsod-Abaúj-Zemplén
18388,Nagydorog,Tolna
18397,Dány,Pest
18403,Hegykő,Győr-Moson-Sopron
18412,Várbalog,Győr-Moson-Sopron
18421,Keszthely,Zala
18430,Velemér,Vas
18449,Zalaszentmihály,Zala
18458,Harta,Bács-Kiskun
18467,Berekböszörmény,Hajdú-Bihar
18476,Csévharaszt,Pest
18485,Mór,Fejér
18494,Garáb,Nógrád
18500,Marcali,Somogy
18519,Vejti,Baranya
18528,Eperjeske,Szabolcs-Szatmár-Bereg
18537,Sajópálfala,Borsod-Abaúj-Zemplén
18546,Somogyszob,Somogy
18555,Olasz,Baranya
18564,Zalaszentbalázs,Zala
18573,Acsa,Pest
18582,Túrony,Baranya
18591,Vaja,Szabolcs-Szatmár-Bereg
18607,Szegerdő,Somogy
18616,Dunakeszi,Pest
18625,Karancsalja,Nógrád
18634,Hács,Somogy
18643,Göncruszka,Borsod-Abaúj-Zemplén
18652,Szentgyörgyvölgy,Zala
18661,Ózdfalu,Baranya
18670,Páhi,Bács-Kiskun
18689,Penc,Pest
18698,Bázakerettye,Zala
18704,Erdősmecske,Baranya
18722,Kupa,Borsod-Abaúj-Zemplén
18731,Pilisszentkereszt,Pest
18740,Szabadhídvég,Fejér
18759,Hajós,Bács-Kiskun
18768,Zalaköveskút,Zala
18777,Bernecebaráti,Pest
18786,Szügy,Nógrád
18795,Darnó,Szabolcs-Szatmár-Bereg
18801,Tornanádaska,Borsod-Abaúj-Zemplén
18810,Noszvaj,Heves
18829,Alsórajk,Zala
18838,Kisdombegyház,Békés
18847,Mezősas,Hajdú-Bihar
18856,Lókút,Veszprém
18865,Lúzsok,Baranya
18874,Mátészalka,Szabolcs-Szatmár-Bereg
18883,Salköveskút,Vas
18892,Szomolya,Borsod-Abaúj-Zemplén
18908,Kisasszonyfa,Baranya
18917,Murga,Tolna
18926,Csolnok,Komárom-Esztergom
18935,Tarján,Komárom-Esztergom
18944,Boldogkőújfalu,Borsod-Abaúj-Zemplén
18953,Ozmánbük,Zala
18962,Kaposszekcső,Tolna
18971,Fehérgyarmat,Szabolcs-Szatmár-Bereg
18980,Fadd,Tolna
18999,Ferencszállás,Csongrád-Csanád
19008,Belvárdgyula,Baranya
19017,Visnye,Somogy
19026,Pusztakovácsi,Somogy
19035,Tét,Győr-Moson-Sopron
19044,Szurdokpüspöki,Nógrád
19053,Kisasszond,Somogy
19062,Árpádhalom,Csongrád-Csanád
19080,Söjtör,Zala
19099,Szentpéterszeg,Hajdú-Bihar
19105,Zubogy,Borsod-Abaúj-Zemplén
19114,Lovasberény,Fejér
19123,Gyöngyössolymos,Heves
19132,Kátoly,Baranya
19141,Kamond,Veszprém
19150,Homokszentgyörgy,Somogy
19169,Szabolcs,Szabolcs-Szatmár-Bereg
19178,Petrikeresztúr,Zala
19187,Fityeház,Zala
19196,Nagyvázsony,Veszprém
19202,Dúzs,Tolna
19211,Nábrád,Szabolcs-Szatmár-Bereg
19220,Ricse,Borsod-Abaúj-Zemplén
19239,Levél,Győr-Moson-Sopron
19248,Tésa,Pest
19257,Okány,Békés
19266,Szil,Győr-Moson-Sopron
19275,Ziliz,Borsod-Abaúj-Zemplén
19284,Cikó,Tolna
19293,Galvács,Borsod-Abaúj-Zemplén
19309,Győrsövényház,Győr-Moson-Sopron
19318,Ősagárd,Nógrád
19327,Borota,Bács-Kiskun
19336,Veszprémgalsa,Veszprém
19345,Kétvölgy,Vas
19354,Perkáta,Fejér
19363,Bábolna,Komárom-Esztergom
19372,Mátranovák,Nógrád
19381,Tiszaladány,Borsod-Abaúj-Zemplén
19390,Bélmegyer,Békés
19406,Bükkmogyorósd,Borsod-Abaúj-Zemplén
19415,Pécs,Baranya
19424,Kisar,Szabolcs-Szatmár-Bereg
19433,Mezőkövesd,Borsod-Abaúj-Zemplén
19442,Somogyvár,Somogy
19451,Kutasó,Nógrád
19460,Balatonendréd,Somogy
19479,Kustánszeg,Zala
19488,Csehi,Vas
19497,Nógrádsipek,Nógrád
19503,Galgahévíz,Pest
19512,Alsónemesapáti,Zala
19521,Szőce,Vas
19530,Szakmár,Bács-Kiskun
19549,Szár,Fejér
19558,Gyügye,Szabolcs-Szatmár-Bereg
19567,Pély,Heves
19576,Krasznokvajda,Borsod-Abaúj-Zemplén
19585,Pincehely,Tolna
19594,Pusztaottlaka,Békés
19600,Makkoshotyka,Borsod-Abaúj-Zemplén
19619,Iharos,Somogy
19628,Mezőberény,Békés
19637,Páli,Győr-Moson-Sopron
19646,Ófalu,Baranya
19655,Máriapócs,Szabolcs-Szatmár-Bereg
19664,Alsódobsza,Borsod-Abaúj-Zemplén
19673,Újkér,Győr-Moson-Sopron
19682,Újlengyel,Pest
19691,Tetétlen,Hajdú-Bihar
19707,Buj,Szabolcs-Szatmár-Bereg
19716,Nagykőrös,Pest
19725,Versend,Baranya
19734,Kemeneshőgyész,Veszprém
19743,Olaszfa,Vas
19752,Nyalka,Győr-Moson-Sopron
19761,Kerkáskápolna,Vas
19770,Osztopán,Somogy
19789,Kecel,Bács-Kiskun
19798,Szalmatercs,Nógrád
19813,Kétpó,Jász-Nagykun-Szolnok
19831,Szilágy,Baranya
19840,Hernádvécse,Borsod-Abaúj-Zemplén
19859,Nemespátró,Zala
19868,Pápadereske,Veszprém
19877,Nagypall,Baranya
19886,Váchartyán,Pest
19895,Hernyék,Zala
19901,Csányoszró,Baranya
19910,Kiskassa,Baranya
19929,Bókaháza,Zala
19938,Pusztahencse,Tolna
19947,Szalkszentmárton,Bács-Kiskun
19956,Biharkeresztes,Hajdú-Bihar
19965,Mátraballa,Heves
19974,Fábiánsebestyén,Csongrád-Csanád
19983,Soltvadkert,Bács-Kiskun
19992,Kemecse,Szabolcs-Szatmár-Bereg
20002,Csákvár,Fejér
20011,Bagamér,Hajdú-Bihar
20039,Gétye,Zala
20048,Bárna,Nógrád
20057,Somogyegres,Somogy
20066,Nyársapát,Pest
20075,Mátramindszent,Nógrád
20084,Kemenesszentmárton,Vas
20093,Törökkoppány,Somogy
20109,Kőszegszerdahely,Vas
20118,Erk,Heves
20127,Tata,Komárom-Esztergom
20136,Rábasebes,Győr-Moson-Sopron
20145,Csesztve,Nógrád
20154,Dáka,Veszprém
20163,Naszály,Komárom-Esztergom
20172,Tiszabezdéd,Szabolcs-Szatmár-Bereg
20181,Tiszaroff,Jász-Nagykun-Szolnok
20190,Lucfalva,Nógrád
20206,Seregélyes,Fejér
20215,Parádsasvár,Heves
20233,Jákfalva,Borsod-Abaúj-Zemplén
20242,Heréd,Heves
20251,Csehbánya,Veszprém
20260,Tivadar,Szabolcs-Szatmár-Bereg
20279,Véménd,Baranya
20288,Egyed,Győr-Moson-Sopron
20297,Kiskunfélegyháza,Bács-Kiskun
20303,Apagy,Szabolcs-Szatmár-Bereg
20312,Kiskutas,Zala
20321,Rinyaújnép,Somogy
20330,Somogygeszti,Somogy
20349,Vashosszúfalu,Vas
20358,Előszállás,Fejér
20367,Pornóapáti,Vas
20376,Almáskeresztúr,Baranya
20385,Mérges,Győr-Moson-Sopron
20394,Vasasszonyfa,Vas
20400,Gyömöre,Győr-Moson-Sopron
20419,Újléta,Hajdú-Bihar
20428,Szelevény,Jász-Nagykun-Szolnok
20437,Magyarpolány,Veszprém
20446,Tiszainoka,Jász-Nagykun-Szolnok
20455,Csanádapáca,Békés
20464,Baranyahídvég,Baranya
20473,Kaposvár,Somogy
20482,Alsóberecki,Borsod-Abaúj-Zemplén
20491,Eger,Heves
20507,Kurd,Tolna
20516,Sárazsadány,Borsod-Abaúj-Zemplén
20525,Tass,Bács-Kiskun
20534,Dunavarsány,Pest
20543,Szalapa,Zala
20552,Királyegyháza,Baranya
20561,Újireg,Tolna
20570,Tés,Veszprém
20589,Nagykapornak,Zala
20598,Nagycsepely,Somogy
20604,Ikrény,Győr-Moson-Sopron
20613,Búcsúszentlászló,Zala
20622,Rinyaújlak,Somogy
20640,Ceglédbercel,Pest
20659,Márok,Baranya
20668,Mátyus,Szabolcs-Szatmár-Bereg
20677,Beregsurány,Szabolcs-Szatmár-Bereg
20686,Okorág,Baranya
20695,Döbörhegy,Vas
20701,Mórágy,Tolna
20710,Bedegkér,Somogy
20729,Balatonfenyves,Somogy
20738,Sajóvámos,Borsod-Abaúj-Zemplén
20747,Feldebrő,Heves
20756,Hidegkút,Veszprém
20765,Medgyesbodzás,Békés
20774,Csobaj,Borsod-Abaúj-Zemplén
20783,Simontornya,Tolna
20792,Und,Győr-Moson-Sopron
20817,Sárszentlőrinc,Tolna
20826,Zánka,Veszprém
20835,Orbányosfa,Zala
20844,Lácacséke,Borsod-Abaúj-Zemplén
20853,Úrkút,Veszprém
20862,Sárok,Baranya
20871,Szin,Borsod-Abaúj-Zemplén
20880,Hosszúpereszteg,Vas
20899,Boda,Baranya
20905,Mike,Somogy
20914,Nagyér,Csongrád-Csanád
20923,Kisigmánd,Komárom-Esztergom
20932,Szakonyfalu,Vas
20941,Kistolmács,Zala
20950,Belsősárd,Zala
20969,Gibárt,Borsod-Abaúj-Zemplén
20978,Téseny,Baranya
20987,Tárkány,Komárom-Esztergom
20996,Kemenespálfa,Vas
21005,Tordas,Fejér
21014,Molnári,Zala
21023,Hegyszentmárton,Baranya
21032,Alsózsolca,Borsod-Abaúj-Zemplén
21041,Karancslapujtő,Nógrád
21050,Pókaszepetk,Zala
21069,Dunaegyháza,Bács-Kiskun
21078,Dunaszeg,Győr-Moson-Sopron
21087,Vizsoly,Borsod-Abaúj-Zemplén
21096,Pécsudvard,Baranya
21102,Nagylóc,Nógrád
21111,Jászladány,Jász-Nagykun-Szolnok
21120,Szentkirály,Bács-Kiskun
21139,Börzönce,Zala
21148,Apostag,Bács-Kiskun
21157,Vezseny,Jász-Nagykun-Szolnok
21175,Balatonfüred,Veszprém
21184,Koppányszántó,Tolna
21193,Radostyán,Borsod-Abaúj-Zemplén
21209,Lőkösháza,Békés
21218,Karcsa,Borsod-Abaúj-Zemplén
21227,Beszterec,Szabolcs-Szatmár-Bereg
21236,Homrogd,Borsod-Abaúj-Zemplén
21245,Sükösd,Bács-Kiskun
21254,Szentpéterfa,Vas
21263,Babosdöbréte,Zala
21272,Prügy,Borsod-Abaúj-Zemplén
21281,Somogyviszló,Baranya
21290,Laskod,Szabolcs-Szatmár-Bereg
21306,Sárvár,Vas
21315,Csurgó,Somogy
21324,Balatonszentgyörgy,Somogy
21333,Istvándi,Somogy
21342,Kajászó,Fejér
21351,Szikszó,Borsod-Abaúj-Zemplén
21360,Udvari,Tolna
21379,Kisbucsa,Zala
21388,Püspökhatvan,Pest
21397,Sümegcsehi,Zala
21403,Nagypirit,Veszprém
21412,Üllés,Csongrád-Csanád
21421,Szomor,Komárom-Esztergom
21430,Veszprémfajsz,Veszprém
21449,Nagyberki,Somogy
21458,Szada,Pest
21467,Tóalmás,Pest
21476,Felsőrajk,Zala
21485,Nagydobos,Szabolcs-Szatmár-Bereg
21494,Tiszasas,Jász-Nagykun-Szolnok
21500,Kálócfa,Zala
21519,Pécsbagota,Baranya
21528,Harkány,Baranya
21537,Uraiújfalu,Vas
21546,Múcsony,Borsod-Abaúj-Zemplén
21555,Mindszent,Csongrád-Csanád
21564,Girincs,Borsod-Abaúj-Zemplén
21573,Rétközberencs,Szabolcs-Szatmár-Bereg
21582,Érsekvadkert,Nógrád
21591,Csebény,Baranya
21607,Pápasalamon,Veszprém
21616,Kislippó,Baranya
21625,Zomba,Tolna
21634,Szirák,Nógrád
21643,Zsédeny,Vas
21652,Nagybajom,Somogy
21661,Zabar,Nógrád
21670,Sajókápolna,Borsod-Abaúj-Zemplén
21689,Nagyiván,Jász-Nagykun-Szolnok
21698,Drávasztára,Baranya
21704,Old,Baranya
21713,Sülysáp,Pest
21722,Zagyvaszántó,Heves
21731,Kéty,Tolna
21740,Tarcal,Borsod-Abaúj-Zemplén
21759,Nemesszalók,Veszprém
21768,Megyaszó,Borsod-Abaúj-Zemplén
21777,Vanyola,Veszprém
21786,Pázmánd,Fejér
21795,Erdőtarcsa,Nógrád
21801,Ravazd,Győr-Moson-Sopron
21810,Varbó,Borsod-Abaúj-Zemplén
21829,Hernádkércs,Borsod-Abaúj-Zemplén
21838,Hegyhátszentmárton,Vas
21847,Péteri,Pest
21856,Somogyvámos,Somogy
21865,Darnózseli,Győr-Moson-Sopron
21874,Piliscsév,Komárom-Esztergom
21883,Szeghalom,Békés
21892,Bogádmindszent,Baranya
21908,Csókakő,Fejér
21917,Dör,Győr-Moson-Sopron
21926,Kápolnásnyék,Fejér
21935,Cserháthaláp,Nógrád
21944,Akasztó,Bács-Kiskun
21953,Bánréve,Borsod-Abaúj-Zemplén
21962,Lesenceistvánd,Veszprém
21971,Tápszentmiklós,Győr-Moson-Sopron
21980,Mihályi,Győr-Moson-Sopron
21999,Izsák,Bács-Kiskun
22008,Törtel,Pest
22017,Szamosbecs,Szabolcs-Szatmár-Bereg
22026,Fonó,Somogy
22035,Zsámbok,Pest
22044,Ólmod,Vas
22053,Szabolcsbáka,Szabolcs-Szatmár-Bereg
22062,Bakonypéterd,Győr-Moson-Sopron
22071,Velény,Baranya
22080,Kerkakutas,Zala
22099,Bükkszentmárton,Heves
22105,Jászárokszállás,Jász-Nagykun-Szolnok
22114,Szigetújfalu,Pest
22123,Fulókércs,Borsod-Abaúj-Zemplén
22132,Dombiratos,Békés
22141,Mikekarácsonyfa,Zala
22150,Fülöp,Hajdú-Bihar
22169,Szentistván,Borsod-Abaúj-Zemplén
22178,Nagykutas,Zala
22187,Hejce,Borsod-Abaúj-Zemplén
22196,Poroszló,Heves
22202,Jászapáti,Jász-Nagykun-Szolnok
22211,Szőke,Baranya
22220,Marcaltő,Veszprém
22239,Botpalád,Szabolcs-Szatmár-Bereg
22248,Pánd,Pest
22257,Szalánta,Baranya
22266,Pócsa,Baranya
22275,Bakóca,Baranya
22284,Ófehértó,Szabolcs-Szatmár-Bereg
22293,Csanytelek,Csongrád-Csanád
22309,Hatvan,Heves
22318,Nyőgér,Vas
22327,Badacsonytomaj,Veszprém
22336,Komlódtótfalu,Szabolcs-Szatmár-Bereg
22345,Kemence,Pest
22354,Boconád,Heves
22372,Nagyigmánd,Komárom-Esztergom
22381,Bakonyszombathely,Komárom-Esztergom
22390,Csönge,Vas
22406,Hajdúnánás,Hajdú-Bihar
22415,Fényeslitke,Szabolcs-Szatmár-Bereg
22424,Tormás,Baranya
22433,Kocsola,Tolna
22442,Edve,Győr-Moson-Sopron
22451,Pécsely,Veszprém
22460,Kisfüzes,Heves
22479,Sajólászlófalva,Borsod-Abaúj-Zemplén
22488,Verseg,Pest
22497,Ormándlak,Zala
22503,Erdőhorváti,Borsod-Abaúj-Zemplén
22512,Monoszló,Veszprém
22521,Balajt,Borsod-Abaúj-Zemplén
22530,Kerekegyháza,Bács-Kiskun
22549,Alsószölnök,Vas
22558,Onga,Borsod-Abaúj-Zemplén
22567,Kunhegyes,Jász-Nagykun-Szolnok
22576,Csonkamindszent,Baranya
22585,Vasad,Pest
22594,Cserhátsurány,Nógrád
22600,Magyarszék,Baranya
22619,Szomód,Komárom-Esztergom
22628,Ónod,Borsod-Abaúj-Zemplén
22637,Máriahalom,Komárom-Esztergom
22646,Felgyő,Csongrád-Csanád
22655,Erdőkürt,Nógrád
22664,Gyöngyösmellék,Baranya
22673,Bonnya,Somogy
22682,Letkés,Pest
22691,Veszprémvarsány,Győr-Moson-Sopron
22707,Főnyed,Somogy
22716,Kemestaródfa,Vas
22725,Alsóújlak,Vas
22734,Drávapalkonya,Baranya
22743,Nagycserkesz,Szabolcs-Szatmár-Bereg
22752,Kaszaper,Békés
22761,Szekszárd,Tolna
22770,Tiszabura,Jász-Nagykun-Szolnok
22789,Tiszaszentimre,Jász-Nagykun-Szolnok
22798,Jászkisér,Jász-Nagykun-Szolnok
22804,Csömör,Pest
22813,Bakonyszentkirály,Veszprém
22822,Balatonszemes,Somogy
22831,Petőháza,Győr-Moson-Sopron
22840,Kisgyőr,Borsod-Abaúj-Zemplén
22859,Jánoshida,Jász-Nagykun-Szolnok
22868,Kisbudmér,Baranya
22877,Böde,Zala
22886,Kisbajcs,Győr-Moson-Sopron
22901,Béb,Veszprém
22910,Dág,Komárom-Esztergom
22929,Jászágó,Jász-Nagykun-Szolnok
22938,Cibakháza,Jász-Nagykun-Szolnok
22947,Zalaszabar,Zala
22956,Korlát,Borsod-Abaúj-Zemplén
22965,Kacorlak,Zala
22974,Lippó,Baranya
22983,Sótony,Vas
22992,Eperjes,Csongrád-Csanád
23001,Kisszőlős,Veszprém
23010,Ukk,Veszprém
23029,Rudabánya,Borsod-Abaúj-Zemplén
23038,Nyáregyháza,Pest
23047,Szécsénke,Nógrád
23056,Nyárlőrinc,Bács-Kiskun
23065,Orosháza,Békés
23074,Horváthertelend,Baranya
23083,Pusztavacs,Pest
23092,Siójut,Somogy
23108,Pankasz,Vas
23117,Polgár,Hajdú-Bihar
23126,Szentgyörgyvár,Zala
23135,Jásztelek,Jász-Nagykun-Szolnok
23144,Becsehely,Zala
23153,Bakonykúti,Fejér
23162,Bükkösd,Baranya
23171,Kunmadaras,Jász-Nagykun-Szolnok
23180,Nagyesztergár,Veszprém
23199,Alsónémedi,Pest
23205,Siklósbodony,Baranya
23214,Téglás,Hajdú-Bihar
23223,Alsóregmec,Borsod-Abaúj-Zemplén
23241,Adács,Heves
23250,Fábiánháza,Szabolcs-Szatmár-Bereg
23269,Nyírmeggyes,Szabolcs-Szatmár-Bereg
23278,Budaörs,Pest
23287,Felsőszölnök,Vas
23296,Kapospula,Tolna
23302,Gyenesdiás,Zala
23311,Pusztaszemes,Somogy
23320,Nemescsó,Vas
23339,Jászfényszaru,Jász-Nagykun-Szolnok
23348,Tarnaméra,Heves
23357,Madaras,Bács-Kiskun
23375,Hidegség,Győr-Moson-Sopron
23384,Almásháza,Zala
23393,Újiráz,Hajdú-Bihar
23409,Nagytarcsa,Pest
23418,Sima,Borsod-Abaúj-Zemplén
23427,Hantos,Fejér
23436,Csatár,Zala
23445,Zaránk,Heves
23454,Kővágóörs,Veszprém
23463,Budakalász,Pest
23472,Somberek,Baranya
23481,Pásztori,Győr-Moson-Sopron
23490,Mány,Fejér
23506,Piskó,Baranya
23515,Porva,Veszprém
23524,Tiszalök,Szabolcs-Szatmár-Bereg
23533,Felsővadász,Borsod-Abaúj-Zemplén
23542,Magyarlukafa,Baranya
23551,Nagyacsád,Veszprém
23560,Mezőlak,Veszprém
23579,Jászfelsőszentgyörgy,Jász-Nagykun-Szolnok
23588,Nagyveleg,Fejér
23597,Zalaszegvár,Veszprém
23603,Ercsi,Fejér
23612,Kömörő,Szabolcs-Szatmár-Bereg
23630,Mernye,Somogy
23649,Göd,Pest
23658,Herend,Veszprém
23676,Balástya,Csongrád-Csanád
23685,Pátyod,Szabolcs-Szatmár-Bereg
23694,Sárbogárd,Fejér
23700,Kiscsősz,Veszprém
23719,Gelej,Borsod-Abaúj-Zemplén
23728,Kótaj,Szabolcs-Szatmár-Bereg
23737,Bodroghalom,Borsod-Abaúj-Zemplén
23746,Bakonybél,Veszprém
23755,Semjén,Borsod-Abaúj-Zemplén
23764,Palé,Baranya
23773,Pereszteg,Győr-Moson-Sopron
23782,Sajópüspöki,Borsod-Abaúj-Zemplén
23791,Kalaznó,Tolna
23807,Somogyapáti,Baranya
23816,Csempeszkopács,Vas
23825,Rétság,Nógrád
23834,Zalaháshágy,Zala
23843,Gyóró,Győr-Moson-Sopron
23852,Ászár,Komárom-Esztergom
23861,Rátót,Vas
23870,Szarvas,Békés
23889,Sonkád,Szabolcs-Szatmár-Bereg
23898,Rezi,Zala
23904,Gyugy,Somogy
23913,Óbudavár,Veszprém
23922,Bakonyszentiván,Veszprém
23931,Méhkerék,Békés
23940,Sárrétudvari,Hajdú-Bihar
23959,Mohács,Baranya
23968,Teleki,Somogy
23977,Büttös,Borsod-Abaúj-Zemplén
23986,Nagyoroszi,Nógrád
23995,Kompolt,Heves
24004,Nyirád,Veszprém
24013,Diósd,Pest
24022,Bátor,Heves
24031,Dombegyház,Békés
24040,Monostorapáti,Veszprém
24059,Nemeskolta,Vas
24068,Ősi,Veszprém
24077,Deszk,Csongrád-Csanád
24086,Jászivány,Jász-Nagykun-Szolnok
24095,Csengersima,Szabolcs-Szatmár-Bereg
24101,Dunaszentmiklós,Komárom-Esztergom
24110,Zselickislak,Somogy
24129,Bakonytamási,Veszprém
24138,Rigyác,Zala
24147,Verpelét,Heves
24156,Négyes,Borsod-Abaúj-Zemplén
24165,Hernádkak,Borsod-Abaúj-Zemplén
24174,Tereske,Nógrád
24183,Gencsapáti,Vas
24192,Fácánkert,Tolna
24208,Sobor,Győr-Moson-Sopron
24217,Mikepércs,Hajdú-Bihar
24226,Kovácshida,Baranya
24235,Erdőtelek,Heves
24244,Bakonybánk,Komárom-Esztergom
24253,Mikóháza,Borsod-Abaúj-Zemplén
24262,Egeraracsa,Zala
24271,Pakod,Zala
24280,Zalabér,Zala
24299,Budapest 13. ker.,főváros
24305,Pannonhalma,Győr-Moson-Sopron
24314,Csököly,Somogy
24323,Felsőpetény,Nógrád
24332,Mátraszele,Nógrád
24341,Bánk,Nógrád
24350,Újszalonta,Békés
24369,Felsőörs,Veszprém
24378,Bár,Baranya
24387,Kisbajom,Somogy
24396,Kiskunmajsa,Bács-Kiskun
24402,Vékény,Baranya
24411,Lengyel,Tolna
24420,Pere,Borsod-Abaúj-Zemplén
24439,Dorogháza,Nógrád
24448,Tiszacsécse,Szabolcs-Szatmár-Bereg
24457,Bálványos,Somogy
24466,Mikebuda,Pest
24475,Timár,Szabolcs-Szatmár-Bereg
24484,Kemenessömjén,Vas
24493,Kisbárapáti,Somogy
24509,Nemesbőd,Vas
24518,Ecser,Pest
24527,Tök,Pest
24536,Orci,Somogy
24545,Tiszaalpár,Bács-Kiskun
24554,Abasár,Heves
24563,Tamási,Tolna
24572,Sámsonháza,Nógrád
24581,Rohod,Szabolcs-Szatmár-Bereg
24590,Zajk,Zala
24606,Szuhogy,Borsod-Abaúj-Zemplén
24615,Tapsony,Somogy
24624,Lovászhetény,Baranya
24633,Koroncó,Győr-Moson-Sopron
24642,Csesznek,Veszprém
24651,Vinár,Veszprém
24660,Pötréte,Zala
24679,Kóspallag,Pest
24697,Budapest 12. ker.,főváros
24703,Tekenye,Zala
24712,Szilvás,Baranya
24721,Rábapordány,Győr-Moson-Sopron
24730,Pányok,Borsod-Abaúj-Zemplén
24749,Baranyajenő,Baranya
24758,Egerszalók,Heves
24767,Ugod,Veszprém
24776,Padár,Zala
24785,Nagykálló,Szabolcs-Szatmár-Bereg
24794,Kardos,Békés
24800,Söpte,Vas
24819,Dévaványa,Békés
24828,Biharnagybajom,Hajdú-Bihar
24837,Nagytilaj,Vas
24846,Heresznye,Somogy
24855,Romonya,Baranya
24864,Batyk,Zala
24873,Homokkomárom,Zala
24882,Hernádpetri,Borsod-Abaúj-Zemplén
24891,Szigliget,Veszprém
24907,Balatonszárszó,Somogy
24916,Szob,Pest
24925,Bisse,Baranya
24934,Vác,Pest
24943,Nagykökényes,Heves
24952,Vásárosbéc,Baranya
24970,Hernádszurdok,Borsod-Abaúj-Zemplén
24989,Decs,Tolna
24998,Tázlár,Bács-Kiskun
25007,Sáránd,Hajdú-Bihar
25016,Velence,Fejér
25025,Liszó,Zala
25034,Zsámbék,Pest
25043,Somogybükkösd,Somogy
25052,Orosztony,Zala
25061,Szabadszállás,Bács-Kiskun
25070,Somogyhatvan,Baranya
25089,Mezőszemere,Heves
25098,Bénye,Pest
25104,Hangony,Borsod-Abaúj-Zemplén
25113,Tótszerdahely,Zala
25122,Zaláta,Baranya
25131,Esztergom,Komárom-Esztergom
25140,Sárosd,Fejér
25159,Bánhorváti,Borsod-Abaúj-Zemplén
25168,Sarkadkeresztúr,Békés
25177,Magyarbóly,Baranya
25186,Jászjákóhalma,Jász-Nagykun-Szolnok
25195,Bogács,Borsod-Abaúj-Zemplén
25201,Nagytevel,Veszprém
25210,Murakeresztúr,Zala
25229,Bakonysárkány,Komárom-Esztergom
25238,Filkeháza,Borsod-Abaúj-Zemplén
25247,Köblény,Baranya
25256,Bihardancsháza,Hajdú-Bihar
25265,Alattyán,Jász-Nagykun-Szolnok
25274,Tolna,Tolna
25283,Alsószentiván,Fejér
25292,Regenye,Baranya
25308,Balatonakali,Veszprém
25326,Erdőbénye,Borsod-Abaúj-Zemplén
25335,Rábapatona,Győr-Moson-Sopron
25344,Sárkeresztúr,Fejér
25353,Kemendollár,Zala
25362,Dunabogdány,Pest
25371,Magyaregres,Somogy
25380,Selyeb,Borsod-Abaúj-Zemplén
25399,Igrici,Borsod-Abaúj-Zemplén
25405,Budapest 08. ker.,főváros
25414,Németfalu,Zala
25423,Magyarszombatfa,Vas
25432,Tabdi,Bács-Kiskun
25441,Benk,Szabolcs-Szatmár-Bereg
25450,Öskü,Veszprém
25469,Esztár,Hajdú-Bihar
25478,Oltárc,Zala
25487,Leányvár,Komárom-Esztergom
25496,Endrefalva,Nógrád
25502,Csárdaszállás,Békés
25511,Nemeskisfalud,Somogy
25520,Nagyszakácsi,Somogy
25539,Györe,Tolna
25548,Karancsberény,Nógrád
25566,Hárskút,Veszprém
25575,Cserépváralja,Borsod-Abaúj-Zemplén
25584,Győr,Győr-Moson-Sopron
25593,Sümeg,Veszprém
25609,Nemessándorháza,Zala
25618,Méra,Borsod-Abaúj-Zemplén
25627,Gyál,Pest
25636,Ibrány,Szabolcs-Szatmár-Bereg
25645,Sióagárd,Tolna
25654,Kerta,Veszprém
25663,Galgaguta,Nógrád
25672,Hidvégardó,Borsod-Abaúj-Zemplén
25681,Cserénfa,Somogy
25690,Domaháza,Borsod-Abaúj-Zemplén
25706,Szentbalázs,Somogy
25715,Moha,Fejér
25724,Sopronkövesd,Győr-Moson-Sopron
25733,Mártély,Csongrád-Csanád
25742,Kány,Borsod-Abaúj-Zemplén
25751,Pákozd,Fejér
25760,Meggyeskovácsi,Vas
25779,Somlószőlős,Veszprém
25788,Salgótarján,Nógrád
25797,Vitnyéd,Győr-Moson-Sopron
25803,Hegymagas,Veszprém
25812,Ág,Baranya
25821,Erdősmárok,Baranya
25830,Hajmás,Somogy
25849,Rigács,Veszprém
25858,Köveskál,Veszprém
25867,Kaposhomok,Somogy
25876,Told,Hajdú-Bihar
25885,Dobri,Zala
25894,Monostorpályi,Hajdú-Bihar
25900,Tömörkény,Csongrád-Csanád
25919,Kisújszállás,Jász-Nagykun-Szolnok
25928,Nyírkércs,Szabolcs-Szatmár-Bereg
25937,Balotaszállás,Bács-Kiskun
25946,Egyházasrádóc,Vas
25955,Nagybaracska,Bács-Kiskun
25964,Konyár,Hajdú-Bihar
25973,Nyírcsászári,Szabolcs-Szatmár-Bereg
25982,Vassurány,Vas
25991,Bakonynána,Veszprém
26000,Velem,Vas
26019,Egerbocs,Heves
26028,Nagybánhegyes,Békés
26037,Kékkút,Veszprém
26046,Kőszegpaty,Vas
26055,Hőgyész,Tolna
26064,Csipkerek,Vas
26073,Rábapaty,Vas
26082,Cserdi,Baranya
26091,Lónya,Szabolcs-Szatmár-Bereg
26107,Csegöld,Szabolcs-Szatmár-Bereg
26116,Sáp,Hajdú-Bihar
26125,Aparhant,Tolna
26134,Nagyvenyim,Fejér
26143,Nagysimonyi,Vas
26152,Gérce,Vas
26161,Szijártóháza,Zala
26170,Hajdúbagos,Hajdú-Bihar
26189,Békéssámson,Békés
26198,Arka,Borsod-Abaúj-Zemplén
26204,Várkesző,Veszprém
26213,Szigetmonostor,Pest
26222,Gadány,Somogy
26231,Ládbesenyő,Borsod-Abaúj-Zemplén
26240,Nemesládony,Vas
26259,Szigetbecse,Pest
26268,Valkonya,Zala
26277,Bőszénfa,Somogy
26286,Mezőhék,Jász-Nagykun-Szolnok
26295,Kisbárkány,Nógrád
26301,Inke,Somogy
26310,Rém,Bács-Kiskun
26329,Nyugotszenterzsébet,Baranya
26338,Abaújszolnok,Borsod-Abaúj-Zemplén
26347,Ebergőc,Győr-Moson-Sopron
26356,Berzék,Borsod-Abaúj-Zemplén
26365,Nyírmihálydi,Szabolcs-Szatmár-Bereg
26374,Magyargencs,Veszprém
26383,Gátér,Bács-Kiskun
26392,Pamuk,Somogy
26408,Komló,Baranya
26417,Bakonyszücs,Veszprém
26426,Vép,Vas
26435,Nyíri,Borsod-Abaúj-Zemplén
26444,Maglóca,Győr-Moson-Sopron
26453,Kadarkút,Somogy
26462,Balatonmagyaród,Zala
26471,Csátalja,Bács-Kiskun
26480,Barabás,Szabolcs-Szatmár-Bereg
26499,Zirc,Veszprém
26505,Nagykinizs,Borsod-Abaúj-Zemplén
26514,Olaszfalu,Veszprém
26523,Nóráp,Veszprém
26532,Böhönye,Somogy
26541,Kup,Veszprém
26550,Ömböly,Szabolcs-Szatmár-Bereg
26569,Somlóvásárhely,Veszprém
26578,Szigetvár,Baranya
26587,Rajka,Győr-Moson-Sopron
26596,Kercaszomor,Vas
26602,Köröm,Borsod-Abaúj-Zemplén
26611,Újfehértó,Szabolcs-Szatmár-Bereg
26620,Katafa,Vas
26639,Pusztaszentlászló,Zala
26648,Vaszar,Veszprém
26657,Járdánháza,Borsod-Abaúj-Zemplén
26666,Kiszombor,Csongrád-Csanád
26675,Lengyeltóti,Somogy
26684,Kecskemét,Bács-Kiskun
26693,Báránd,Hajdú-Bihar
26709,Csorvás,Békés
26718,Abaújkér,Borsod-Abaúj-Zemplén
26727,Grábóc,Tolna
26736,Rábagyarmat,Vas
26745,Parasznya,Borsod-Abaúj-Zemplén
26754,Rinyaszentkirály,Somogy
26763,Simaság,Vas
26772,Csánig,Vas
26781,Várda,Somogy
26790,Halászi,Győr-Moson-Sopron
26806,Rönök,Vas
26815,Vecsés,Pest
26824,Alap,Fejér
26833,Iliny,Nógrád
26842,Zselickisfalud,Somogy
26851,Csengerújfalu,Szabolcs-Szatmár-Bereg
26860,Gyarmat,Győr-Moson-Sopron
26879,Nagyfüged,Heves
26888,Kazsok,Somogy
26897,Karancsság,Nógrád
26903,Sárisáp,Komárom-Esztergom
26921,Ásványráró,Győr-Moson-Sopron
26930,Mocsa,Komárom-Esztergom
26949,Sajókeresztúr,Borsod-Abaúj-Zemplén
26958,Balkány,Szabolcs-Szatmár-Bereg
26967,Magyargéc,Nógrád
26976,Nagyhódos,Szabolcs-Szatmár-Bereg
26985,Csővár,Pest
26994,Tótszentgyörgy,Baranya
27012,Váraszó,Heves
27021,Kisharsány,Baranya
27030,Gyanógeregye,Vas
27049,Becskeháza,Borsod-Abaúj-Zemplén
27058,Békás,Veszprém
27067,Magyarsarlós,Baranya
27076,Nagysáp,Komárom-Esztergom
27085,Cakóháza,Győr-Moson-Sopron
27094,Celldömölk,Vas
27100,Vasmegyer,Szabolcs-Szatmár-Bereg
27119,Nemesborzova,Szabolcs-Szatmár-Bereg
27128,Galgamácsa,Pest
27137,Mencshely,Veszprém
27146,Komoró,Szabolcs-Szatmár-Bereg
27155,Nagyhalász,Szabolcs-Szatmár-Bereg
27164,Nagypeterd,Baranya
27173,Sajólád,Borsod-Abaúj-Zemplén
27182,Nagykónyi,Tolna
27191,Novajidrány,Borsod-Abaúj-Zemplén
27207,Zalagyömörő,Veszprém
27216,Ostoros,Heves
27225,Kálmánháza,Szabolcs-Szatmár-Bereg
27234,Bácsborsód,Bács-Kiskun
27243,Kisbágyon,Nógrád
27252,Tiszanagyfalu,Szabolcs-Szatmár-Bereg
27261,Tisztaberek,Szabolcs-Szatmár-Bereg
27270,Csömend,Somogy
27289,Magyarnádalja,Vas
27298,Apátvarasd,Baranya
27304,Potyond,Győr-Moson-Sopron
27313,Törökszentmiklós,Jász-Nagykun-Szolnok
27322,Vámosatya,Szabolcs-Szatmár-Bereg
27331,Sajóecseg,Borsod-Abaúj-Zemplén
27340,Nógrádszakál,Nógrád
27359,Mecsér,Győr-Moson-Sopron
27368,Segesd,Somogy
27377,Balatonberény,Somogy
27386,Tatárszentgyörgy,Pest
27395,Mályi,Borsod-Abaúj-Zemplén
27401,Egyházaskozár,Baranya
27410,Putnok,Borsod-Abaúj-Zemplén
27429,Bódvalenke,Borsod-Abaúj-Zemplén
27438,Örménykút,Békés
27447,Barlahida,Zala
27456,Szendrőlád,Borsod-Abaúj-Zemplén
27465,Pusztaederics,Zala
27474,Sárospatak,Borsod-Abaúj-Zemplén
27483,Lendvadedes,Zala
27492,Csöde,Zala
27508,Szágy,Baranya
27517,Besenyőtelek,Heves
27526,Miháld,Zala
27535,Somogysimonyi,Somogy
27544,Tiszaszentmárton,Szabolcs-Szatmár-Bereg
27553,Pogányszentpéter,Somogy
27562,Zalaszombatfa,Zala
27571,Kelebia,Bács-Kiskun
27580,Nemti,Nógrád
27599,Nadap,Fejér
27605,Nagytálya,Heves
27614,Zimány,Somogy
27623,Újlőrincfalva,Heves
27632,Úny,Komárom-Esztergom
27641,Álmosd,Hajdú-Bihar
27650,Rózsaszentmárton,Heves
27669,Dubicsány,Borsod-Abaúj-Zemplén
27678,Magyaralmás,Fejér
27687,Kosd,Pest
27696,Maklár,Heves
27702,Tékes,Baranya
27711,Izmény,Tolna
27720,Salomvár,Zala
27739,Dunakiliti,Győr-Moson-Sopron
27748,Pap,Szabolcs-Szatmár-Bereg
27757,Sajóvelezd,Borsod-Abaúj-Zemplén
27766,Kisszékely,Tolna
27775,Óhíd,Zala
27784,Iharosberény,Somogy
27793,Szergény,Vas
27809,Mátételke,Bács-Kiskun
27818,Homokbödöge,Veszprém
27827,Káva,Pest
27836,Tornaszentandrás,Borsod-Abaúj-Zemplén
27845,Homokmégy,Bács-Kiskun
27854,Szolnok,Jász-Nagykun-Szolnok
27863,Majs,Baranya
27872,Abony,Pest
27881,Hásságy,Baranya
27890,Bükkaranyos,Borsod-Abaúj-Zemplén
27906,Magyarbánhegyes,Békés
27915,Mohora,Nógrád
27924,Ópályi,Szabolcs-Szatmár-Bereg
27933,Himesháza,Baranya
27942,Halmaj,Borsod-Abaúj-Zemplén
27951,Tilaj,Zala
27960,Sorkikápolna,Vas
27979,Nagyalásony,Veszprém
27988,Nagyszekeres,Szabolcs-Szatmár-Bereg
27997,Szemenye,Vas
28006,Öcsöd,Jász-Nagykun-Szolnok
28015,Iszkáz,Veszprém
28024,Villány,Baranya
28033,Nekézseny,Borsod-Abaúj-Zemplén
28051,Tolcsva,Borsod-Abaúj-Zemplén
28060,Nyírtass,Szabolcs-Szatmár-Bereg
28079,Kerecsend,Heves
28088,Gyöngyöstarján,Heves
28097,Ipolydamásd,Pest
28103,Nádudvar,Hajdú-Bihar
28112,Öcs,Veszprém
28121,Drávacsepely,Baranya
28130,Kunszentmiklós,Bács-Kiskun
28149,Mosonszolnok,Győr-Moson-Sopron
28158,Kisszállás,Bács-Kiskun
28167,Lovászi,Zala
28185,Perbál,Pest
28194,Szuha,Nógrád
28200,Ligetfalva,Zala
28219,Litka,Borsod-Abaúj-Zemplén
28228,Túrkeve,Jász-Nagykun-Szolnok
28237,Dabrony,Veszprém
28246,Beregdaróc,Szabolcs-Szatmár-Bereg
28255,Mogyorósbánya,Komárom-Esztergom
28264,Gadács,Somogy
28273,Endrőc,Baranya
28282,Nagyvisnyó,Heves
28291,Lábod,Somogy
28307,Gagybátor,Borsod-Abaúj-Zemplén
28316,Bábonymegyer,Somogy
28325,Hottó,Zala
28334,Kapuvár,Győr-Moson-Sopron
28343,Vaskút,Bács-Kiskun
28352,Tiszaújváros,Borsod-Abaúj-Zemplén
28361,Potony,Somogy
28370,Apácatorna,Veszprém
28389,Kazár,Nógrád
28398,Tiszalúc,Borsod-Abaúj-Zemplén
28404,Gyöngyfa,Baranya
28413,Visegrád,Pest
28422,Nemesvita,Veszprém
28431,Kék,Szabolcs-Szatmár-Bereg
28440,Nyírgelse,Szabolcs-Szatmár-Bereg
28459,Csernely,Borsod-Abaúj-Zemplén
28468,Nagypáli,Zala
28477,Kisléta,Szabolcs-Szatmár-Bereg
28486,Tompa,Bács-Kiskun
28495,Zalaboldogfa,Zala
28501,Balatonszőlős,Veszprém
28510,Porrogszentpál,Somogy
28529,Varga,Baranya
28538,Vajszló,Baranya
28547,Kovácsvágás,Borsod-Abaúj-Zemplén
28556,Erdőkövesd,Heves
28565,Sarkad,Békés
28574,Szabás,Somogy
28583,Áta,Baranya
28592,Pusztaszer,Csongrád-Csanád
28608,Drávaszabolcs,Baranya
28617,Drávacsehi,Baranya
28626,Répceszentgyörgy,Vas
28635,Teresztenye,Borsod-Abaúj-Zemplén
28644,Úri,Pest
28653,Szentmártonkáta,Pest
28662,Belecska,Tolna
28671,Gyepükaján,Veszprém
28699,Tiszaigar,Jász-Nagykun-Szolnok
28705,Szabadbattyán,Fejér
28714,Andocs,Somogy
28723,Somogysárd,Somogy
28732,Gagyapáti,Borsod-Abaúj-Zemplén
28741,Sellye,Baranya
28750,Zsarolyán,Szabolcs-Szatmár-Bereg
28769,Bágyogszovát,Győr-Moson-Sopron
28778,Dióskál,Zala
28787,Taktakenéz,Borsod-Abaúj-Zemplén
28796,Egervölgy,Vas
28802,Nyírbogdány,Szabolcs-Szatmár-Bereg
28811,Kaposgyarmat,Somogy
28820,Szeremle,Bács-Kiskun
28839,Alsószuha,Borsod-Abaúj-Zemplén
28848,Pátka,Fejér
28857,Kutas,Somogy
28866,Sződliget,Pest
28875,Kishuta,Borsod-Abaúj-Zemplén
28884,Rimóc,Nógrád
28893,Geszteréd,Szabolcs-Szatmár-Bereg
28909,Bátaapáti,Tolna
28918,Egerág,Baranya
28927,Nagytótfalu,Baranya
28936,Bakonygyirót,Győr-Moson-Sopron
28945,Győröcske,Szabolcs-Szatmár-Bereg
28954,Szigetszentmiklós,Pest
28963,Somogyjád,Somogy
28972,Pusztamiske,Veszprém
28981,Ura,Szabolcs-Szatmár-Bereg
28990,Kisláng,Fejér
29009,Nyárád,Veszprém
29018,Pusztaszabolcs,Fejér
29027,Kunfehértó,Bács-Kiskun
29036,Mezőszilas,Fejér
29045,Mátraszentimre,Heves
29054,Tornyosnémeti,Borsod-Abaúj-Zemplén
29063,Nagyberény,Somogy
29072,Kisberzseny,Veszprém
29081,Lócs,Vas
29090,Sopronhorpács,Győr-Moson-Sopron
29106,Baks,Csongrád-Csanád
29115,Solt,Bács-Kiskun
29124,Várong,Tolna
29133,Tiszacsermely,Borsod-Abaúj-Zemplén
29142,Somogyhárságy,Baranya
29151,Vágáshuta,Borsod-Abaúj-Zemplén
29160,Páka,Zala
29179,Nagytőke,Csongrád-Csanád
29188,Nagybarca,Borsod-Abaúj-Zemplén
29197,Péterhida,Somogy
29203,Boba,Vas
29212,Baj,Komárom-Esztergom
29221,Jánossomorja,Győr-Moson-Sopron
29230,Dalmand,Tolna
29249,Kesznyéten,Borsod-Abaúj-Zemplén
29267,Tác,Fejér
29276,Novaj,Heves
29285,Budapest 18. ker.,főváros
29294,Marcalgergelyi,Veszprém
29300,Kispalád,Szabolcs-Szatmár-Bereg
29319,Ipolyvece,Nógrád
29328,Nemeskér,Győr-Moson-Sopron
29337,Madocsa,Tolna
29346,Tiszajenő,Jász-Nagykun-Szolnok
29355,Bajót,Komárom-Esztergom
29364,Csömödér,Zala
29373,Vasszécseny,Vas
29382,Örményes,Jász-Nagykun-Szolnok
29391,Hencida,Hajdú-Bihar
29407,Agyagosszergény,Győr-Moson-Sopron
29416,Csaroda,Szabolcs-Szatmár-Bereg
29425,Nőtincs,Nógrád
29434,Tapolca,Veszprém
29443,Gulács,Szabolcs-Szatmár-Bereg
29452,Halastó,Vas
29461,Balatonfőkajár,Veszprém
29470,Döbrönte,Veszprém
29489,Kerkabarabás,Zala
29498,Varsány,Nógrád
29504,Iklanberény,Vas
29513,Bakonyjákó,Veszprém
29522,Molvány,Baranya
29531,Vésztő,Békés
29540,Mozsgó,Baranya
29559,Panyola,Szabolcs-Szatmár-Bereg
29568,Telekes,Vas
29577,Kesztölc,Komárom-Esztergom
29586,Budapest 09. ker.,főváros
29595,Almáskamarás,Békés
29601,Pilisborosjenő,Pest
29610,Biharugra,Békés
29629,Vértestolna,Komárom-Esztergom
29638,Epöl,Komárom-Esztergom
29647,Dömsöd,Pest
29656,Pat,Zala
29665,Alsónána,Tolna
29674,Beret,Borsod-Abaúj-Zemplén
29683,Zalatárnok,Zala
29692,Sorokpolány,Vas
29708,Felsőgagy,Borsod-Abaúj-Zemplén
29717,Rakaca,Borsod-Abaúj-Zemplén
29726,Tiszafüred,Jász-Nagykun-Szolnok
29735,Gyömrő,Pest
29744,Budapest 07. ker.,főváros
29753,Magyaregregy,Baranya
29762,Pettend,Baranya
29771,Gősfa,Zala
29780,Vízvár,Somogy
29799,Méhtelek,Szabolcs-Szatmár-Bereg
29805,Bezenye,Győr-Moson-Sopron
29814,Alsóvadász,Borsod-Abaúj-Zemplén
29823,Tököl,Pest
29832,Nógrádmarcal,Nógrád
29841,Felsőmarác,Vas
29850,Kisoroszi,Pest
29869,Nagyrákos,Vas
29878,Torony,Vas
29887,Bihartorda,Hajdú-Bihar
29896,Porpác,Vas
29902,Bakonyság,Veszprém
29911,Tákos,Szabolcs-Szatmár-Bereg
29920,Maráza,Baranya
29939,Felcsút,Fejér
29948,Ipacsfa,Baranya
29957,Káld,Vas
29966,Homorúd,Baranya
29975,Anarcs,Szabolcs-Szatmár-Bereg
29984,Magosliget,Szabolcs-Szatmár-Bereg
29993,Zalaerdőd,Veszprém
30003,Vajdácska,Borsod-Abaúj-Zemplén
30012,Réde,Komárom-Esztergom
30021,Sarród,Győr-Moson-Sopron
30030,Drávaszerdahely,Baranya
30049,Besence,Baranya
30067,Szentpéterfölde,Zala
30076,Vatta,Borsod-Abaúj-Zemplén
30085,Szamostatárfalva,Szabolcs-Szatmár-Bereg
30094,Csikóstőttős,Tolna
30100,Mátraverebély,Nógrád
30119,Berzence,Somogy
30128,Medgyesegyháza,Békés
30137,Hercegkút,Borsod-Abaúj-Zemplén
30146,Szenyér,Somogy
30155,Bácsszőlős,Bács-Kiskun
30164,Körösújfalu,Békés
30173,Kislőd,Veszprém
30182,Kolontár,Veszprém
30191,Csér,Győr-Moson-Sopron
30207,Borsodszentgyörgy,Borsod-Abaúj-Zemplén
30216,Hegyhátsál,Vas
30225,Tardos,Komárom-Esztergom
30234,Mesterszállás,Jász-Nagykun-Szolnok
30243,Zámoly,Fejér
30252,Borzavár,Veszprém
30261,Dormánd,Heves
30270,Csécse,Nógrád
30289,Gyönk,Tolna
30298,Tiszatardos,Borsod-Abaúj-Zemplén
30304,Tiszagyenda,Jász-Nagykun-Szolnok
30313,Zalalövő,Zala
30322,Mezőkovácsháza,Békés
30331,Vácegres,Pest
30340,Sajószöged,Borsod-Abaúj-Zemplén
30359,Gyulaj,Tolna
30368,Bagod,Zala
30377,Tiszatarján,Borsod-Abaúj-Zemplén
30386,Tiszakürt,Jász-Nagykun-Szolnok
30395,Legénd,Nógrád
30401,Lőrinci,Heves
30410,Bakonyoszlop,Veszprém
30429,Egyházashollós,Vas
30438,Görcsöny,Baranya
30447,Tibolddaróc,Borsod-Abaúj-Zemplén
30456,Miskolc,Borsod-Abaúj-Zemplén
30465,Tihany,Veszprém
30474,Babócsa,Somogy
30483,Forró,Borsod-Abaúj-Zemplén
30492,Mekényes,Baranya
30508,Karos,Borsod-Abaúj-Zemplén
30517,Tornaszentjakab,Borsod-Abaúj-Zemplén
30526,Alsóörs,Veszprém
30535,Dóc,Csongrád-Csanád
30544,Csabdi,Fejér
30553,Környe,Komárom-Esztergom
30562,Medina,Tolna
30571,Gölle,Somogy
30580,Somogyacsa,Somogy
30599,Mikosszéplak,Vas
30605,Kaskantyú,Bács-Kiskun
30614,Csarnóta,Baranya
30623,Tiszakécske,Bács-Kiskun
30632,Miske,Bács-Kiskun
30641,Csenger,Szabolcs-Szatmár-Bereg
30650,Kőszárhegy,Fejér
30669,Borsodbóta,Borsod-Abaúj-Zemplén
30678,Fenyőfő,Győr-Moson-Sopron
30696,Kartal,Pest
30702,Vaskeresztes,Vas
30711,Jászalsószentgyörgy,Jász-Nagykun-Szolnok
30720,Taksony,Pest
30739,Szerencs,Borsod-Abaúj-Zemplén
30748,Sitke,Vas
30757,Petrivente,Zala
30766,Oroszlány,Komárom-Esztergom
30775,Hosszúvíz,Somogy
30784,Bodrogkeresztúr,Borsod-Abaúj-Zemplén
30793,Salföld,Veszprém
30809,Leányfalu,Pest
30827,Kisberény,Somogy
30836,Hosszúhetény,Baranya
30845,Tiszagyulaháza,Hajdú-Bihar
30854,Mezőcsokonya,Somogy
30863,Ráksi,Somogy
30872,Megyehíd,Vas
30881,Répcelak,Vas
30890,Felsőszenterzsébet,Zala
30906,Gasztony,Vas
30915,Vanyarc,Nógrád
30924,Csabrendek,Veszprém
30933,Nagykanizsa,Zala
30942,Gersekarát,Vas
30951,Hegyhátmaróc,Baranya
30960,Gyékényes,Somogy
30979,Levelek,Szabolcs-Szatmár-Bereg
30988,Érd,Pest
30997,Semjénháza,Zala
31006,Bózsva,Borsod-Abaúj-Zemplén
31015,Szalaszend,Borsod-Abaúj-Zemplén
31024,Kistelek,Csongrád-Csanád
31033,Mezőpeterd,Hajdú-Bihar
31042,Tépe,Hajdú-Bihar
31051,Vámoscsalád,Vas
31060,Szava,Baranya
31079,Öttömös,Csongrád-Csanád
31088,Székely,Szabolcs-Szatmár-Bereg
31097,Hajdúsámson,Hajdú-Bihar
31103,Balinka,Fejér
31112,Pölöskefő,Zala
31121,Sántos,Somogy
31130,Körösszakál,Hajdú-Bihar
31149,Csonkahegyhát,Zala
31158,Nyírbogát,Szabolcs-Szatmár-Bereg
31167,Hollóháza,Borsod-Abaúj-Zemplén
31185,Kisvejke,Tolna
31194,Lövő,Győr-Moson-Sopron
31200,Hernádnémeti,Borsod-Abaúj-Zemplén
31219,Somogyaszaló,Somogy
31228,Végegyháza,Békés
31237,Szatmárcseke,Szabolcs-Szatmár-Bereg
31246,Visonta,Heves
31255,Pápateszér,Veszprém
31264,Vértesszőlős,Komárom-Esztergom
31273,Szamosújlak,Szabolcs-Szatmár-Bereg
31282,Mikófalva,Heves
31291,Bocska,Zala
31307,Adorjánháza,Veszprém
31316,Győrság,Győr-Moson-Sopron
31325,Szabadkígyós,Békés
31334,Csabacsűd,Békés
31343,Mosdós,Somogy
31352,Darány,Somogy
31361,Kóka,Pest
31370,Pusztacsalád,Győr-Moson-Sopron
31389,Lothárd,Baranya
31398,Tyukod,Szabolcs-Szatmár-Bereg
31404,Kállósemjén,Szabolcs-Szatmár-Bereg
31413,Keszeg,Nógrád
31422,Bana,Komárom-Esztergom
31431,Husztót,Baranya
31440,Fertőszéplak,Győr-Moson-Sopron
31459,Tevel,Tolna
31468,Fülöpháza,Bács-Kiskun
31477,Nyírjákó,Szabolcs-Szatmár-Bereg
31486,Nagyréde,Heves
31501,Dunaföldvár,Tolna
31510,Szegilong,Borsod-Abaúj-Zemplén
31529,Kerecseny,Zala
31538,Sárszentágota,Fejér
31556,Nemesmedves,Vas
31565,Mónosbél,Heves
31574,Kevermes,Békés
31583,Szentgotthárd,Vas
31592,Rédics,Zala
31608,Zemplénagárd,Borsod-Abaúj-Zemplén
31617,Zalamerenye,Zala
31626,Kunsziget,Győr-Moson-Sopron
31635,Iván,Győr-Moson-Sopron
31644,Fiad,Somogy
31653,Albertirsa,Pest
31662,Mezőtárkány,Heves
31671,Felsőtelekes,Borsod-Abaúj-Zemplén
31680,Ivánc,Vas
31699,Csetény,Veszprém
31705,Sándorfalva,Csongrád-Csanád
31714,Sósvertike,Baranya
31723,Felsőkelecsény,Borsod-Abaúj-Zemplén
31732,Nagymaros,Pest
31741,Pacsa,Zala
31750,Milota,Szabolcs-Szatmár-Bereg
31769,Ököritófülpös,Szabolcs-Szatmár-Bereg
31778,Olaszliszka,Borsod-Abaúj-Zemplén
31787,Győrújfalu,Győr-Moson-Sopron
31796,Tápiószecső,Pest
31802,Sárkeresztes,Fejér
31811,Dánszentmiklós,Pest
31820,Uszka,Szabolcs-Szatmár-Bereg
31839,Újrónafő,Győr-Moson-Sopron
31848,Gara,Bács-Kiskun
31857,Ramocsaháza,Szabolcs-Szatmár-Bereg
31866,Tiszavárkony,Jász-Nagykun-Szolnok
31875,Mesterháza,Vas
31884,Répáshuta,Borsod-Abaúj-Zemplén
31893,Kunszállás,Bács-Kiskun
31909,Rásonysápberencs,Borsod-Abaúj-Zemplén
31918,Kunpeszér,Bács-Kiskun
31927,Beremend,Baranya
31936,Illocska,Baranya
31945,Pápa,Veszprém
31954,Debréte,Borsod-Abaúj-Zemplén
31963,Tahitótfalu,Pest
31972,Paszab,Szabolcs-Szatmár-Bereg
31981,Márokföld,Zala
31990,Súr,Komárom-Esztergom
32009,Szentdénes,Baranya
32018,Iszkaszentgyörgy,Fejér
32027,Bugyi,Pest
32036,Keléd,Vas
32045,Táplánszentkereszt,Vas
32054,Zalaegerszeg,Zala
32063,Kávás,Zala
32072,Teklafalu,Baranya
32081,Alsópáhok,Zala
32090,Királd,Borsod-Abaúj-Zemplén
32106,Inárcs,Pest
32115,Ötvöskónyi,Somogy
32124,Bérbaltavár,Vas
32133,Sérsekszőlős,Somogy
32142,Vindornyafok,Zala
32151,Bogád,Baranya
32160,Sásd,Baranya
32179,Kál,Heves
32188,Hegyfalu,Vas
32197,Újudvar,Zala
32203,Fehérvárcsurgó,Fejér
32212,Márkó,Veszprém
32221,Külsősárd,Zala
32230,Kakucs,Pest
32249,Árpás,Győr-Moson-Sopron
32258,Szakácsi,Borsod-Abaúj-Zemplén
32267,Kilimán,Zala
32276,Devecser,Veszprém
32285,Csengele,Csongrád-Csanád
32294,Nyírábrány,Hajdú-Bihar
32300,Nógrádkövesd,Nógrád
32319,Cserhátszentiván,Nógrád
32328,Encsencs,Szabolcs-Szatmár-Bereg
32337,Baté,Somogy
32346,Almásfüzitő,Komárom-Esztergom
32355,Libickozma,Somogy
32364,Nagylók,Fejér
32373,Diósviszló,Baranya
32382,Nyírmártonfalva,Hajdú-Bihar
32391,Drávaiványi,Baranya
32407,Magyarnándor,Nógrád
32416,Tengőd,Somogy
32425,Peterd,Baranya
32434,Kiskunhalas,Bács-Kiskun
32452,Nyírkáta,Szabolcs-Szatmár-Bereg
32461,Szilvásszentmárton,Somogy
32470,Somogybabod,Somogy
32489,Szegvár,Csongrád-Csanád
32498,Kondó,Borsod-Abaúj-Zemplén
32504,Kunszentmárton,Jász-Nagykun-Szolnok
32513,Pördefölde,Zala
32522,Zalaszentgrót,Zala
32531,Serényfalva,Borsod-Abaúj-Zemplén
32540,Nemesnádudvar,Bács-Kiskun
32559,Gödöllő,Pest
32568,Újszentmargita,Hajdú-Bihar
32577,Papos,Szabolcs-Szatmár-Bereg
32586,Vérteskethely,Komárom-Esztergom
32595,Dénesfa,Győr-Moson-Sopron
32601,Somogytúr,Somogy
32610,Fót,Pest
32629,Ostffyasszonyfa,Vas
32638,Tornyiszentmiklós,Zala
32647,Kerkateskánd,Zala
32656,Mezőladány,Szabolcs-Szatmár-Bereg
32665,Nemesnép,Zala
32674,Rinyakovácsi,Somogy
32683,Perecse,Borsod-Abaúj-Zemplén
32692,Penyige,Szabolcs-Szatmár-Bereg
32708,Dobronhegy,Zala
32717,Feketeerdő,Győr-Moson-Sopron
32726,Kisrécse,Zala
32735,Attala,Tolna
32744,Tésenfa,Baranya
32753,Dég,Fejér
32762,Felsőnyárád,Borsod-Abaúj-Zemplén
32771,Kocsér,Pest
32780,Simonfa,Somogy
32799,Barcs,Somogy
32805,Nagykorpád,Somogy
32814,Csögle,Veszprém
32823,Bugac,Bács-Kiskun
32832,Meszlen,Vas
32841,Szentborbás,Somogy
32850,Váralja,Tolna
32869,Kérsemjén,Szabolcs-Szatmár-Bereg
32878,Csót,Veszprém
32887,Bükkzsérc,Borsod-Abaúj-Zemplén
32896,Tar,Nógrád
32902,Kehidakustány,Zala
32911,Bér,Nógrád
32920,Nagykölked,Vas
32939,Nagylózs,Győr-Moson-Sopron
32948,Nemesbük,Zala
32957,Elek,Békés
32966,Tarnabod,Heves
32975,Kőröstetétlen,Pest
32984,Bucsu,Vas
32993,Kács,Borsod-Abaúj-Zemplén
33002,Bodolyabér,Baranya
33011,Szécsényfelfalu,Nógrád
33020,Forráskút,Csongrád-Csanád
33039,Zalameggyes,Veszprém
33048,Encs,Borsod-Abaúj-Zemplén
33057,Zics,Somogy
33066,Ibafa,Baranya
33075,Tarhos,Békés
33084,Gordisa,Baranya
33093,Alacska,Borsod-Abaúj-Zemplén
33109,Csatka,Komárom-Esztergom
33118,Csomád,Pest
33127,Berhida,Veszprém
33136,Zalaszentgyörgy,Zala
33145,Nyírpazony,Szabolcs-Szatmár-Bereg
33154,Bóly,Baranya
33163,Dad,Komárom-Esztergom
33172,Szeleste,Vas
33181,Nagyrozvágy,Borsod-Abaúj-Zemplén
33190,Doboz,Békés
33206,Kisecset,Nógrád
33215,Kisnyárád,Baranya
33224,Márokpapi,Szabolcs-Szatmár-Bereg
33233,Gödre,Baranya
33242,Hollókő,Nógrád
33251,Felpéc,Győr-Moson-Sopron
33260,Bélapátfalva,Heves
33279,Alsószentmárton,Baranya
33288,Zalaszántó,Zala
33297,Hunya,Békés
33303,Bódvarákó,Borsod-Abaúj-Zemplén
33312,Felsőtold,Nógrád
33321,Soponya,Fejér
33330,Lánycsók,Baranya
33349,Mőcsény,Tolna
33358,Terem,Szabolcs-Szatmár-Bereg
33367,Szeged,Csongrád-Csanád
33376,Miklósi,Somogy
33385,Acsalag,Győr-Moson-Sopron
33394,Kapoly,Somogy
33400,Kishartyán,Nógrád
33419,Perkupa,Borsod-Abaúj-Zemplén
33428,Egervár,Zala
33437,Szerep,Hajdú-Bihar
33446,Bedő,Hajdú-Bihar
33455,Gyomaendrőd,Békés
33482,Sátorhely,Baranya
33491,Szárliget,Komárom-Esztergom
33516,Szákszend,Komárom-Esztergom
33525,Mátraterenye,Nógrád
33534,Bátonyterenye,Nógrád
33543,Nagyszentjános,Győr-Moson-Sopron
33552,Herceghalom,Pest
33561,Apaj,Pest
33570,Pörböly,Tolna
33589,Érsekhalma,Bács-Kiskun
33598,Felsőlajos,Bács-Kiskun
33604,Újtelek,Bács-Kiskun
33613,Szentegát,Baranya
33622,Fülöpjakab,Bács-Kiskun
33631,Bugacpusztaháza,Bács-Kiskun
33640,Csém,Komárom-Esztergom
33659,Újdombrád,Szabolcs-Szatmár-Bereg
33668,Lébény,Győr-Moson-Sopron
33677,Mosonszentmiklós,Győr-Moson-Sopron
33686,Petőfibánya,Heves
33695,Kisfalud,Győr-Moson-Sopron
33701,Rábacsécsény,Győr-Moson-Sopron
33710,Rábaszentmihály,Győr-Moson-Sopron
33729,Verőce,Pest
33738,Kismaros,Pest
33747,Tiszavid,Szabolcs-Szatmár-Bereg
33756,Máza,Baranya
33765,Szászvár,Baranya
33774,Gyüre,Szabolcs-Szatmár-Bereg
33783,Nagyvarsány,Szabolcs-Szatmár-Bereg
33792,Lakhegy,Zala
33808,Bodrogkisfalud,Borsod-Abaúj-Zemplén
33817,Szegi,Borsod-Abaúj-Zemplén
33826,Neszmély,Komárom-Esztergom
33835,Dunaalmás,Komárom-Esztergom
33844,Balatonrendes,Veszprém
33853,Balatonboglár,Somogy
33862,Balatonlelle,Somogy
33871,Egeralja,Veszprém
33880,Patvarc,Nógrád
33899,Nagydobsza,Baranya
33905,Kisdobsza,Baranya
33914,Tarjánpuszta,Győr-Moson-Sopron
33923,Mánfa,Baranya
33932,Hobol,Baranya
33941,Eplény,Veszprém
33950,Bőny,Győr-Moson-Sopron
33969,Rétalap,Győr-Moson-Sopron
33978,Csörnyeföld,Zala
33987,Muraszemenye,Zala
33996,Farád,Győr-Moson-Sopron
34005,Berekfürdő,Jász-Nagykun-Szolnok
34014,Folyás,Hajdú-Bihar
34023,Tokodaltáró,Komárom-Esztergom
34032,Szaporca,Baranya
34041,Pálmajor,Somogy
34050,Hunyadfalva,Jász-Nagykun-Szolnok
34069,Ormosbánya,Borsod-Abaúj-Zemplén
34078,Csabaszabadi,Békés
34087,Tormásliget,Vas
34096,Móricgát,Bács-Kiskun
34102,Bocskaikert,Hajdú-Bihar
34111,Csincse,Borsod-Abaúj-Zemplén
34120,Rudolftelep,Borsod-Abaúj-Zemplén
34139,Budapest 23. ker.,főváros
34148,Pilisjászfalu,Pest
34157,Kistarcsa,Pest
34166,Kerepes,Pest
34175,Csataszög,Jász-Nagykun-Szolnok
34184,Alsóbogát,Somogy
34193,Kaszó,Somogy
34209,Kulcs,Fejér
34218,Uzsa,Veszprém
34227,Annavölgy,Komárom-Esztergom
34236,Szántód,Somogy
34245,Algyő,Csongrád-Csanád
34254,Pétfürdő,Veszprém
34263,Zichyújfalu,Fejér
34272,Farkaslyuk,Borsod-Abaúj-Zemplén
34281,Nagykeresztúr,Nógrád
34290,Berente,Borsod-Abaúj-Zemplén
34306,Óbarok,Fejér
34315,Remeteszőlős,Pest
34324,Pálosvörösmart,Heves
34333,Csörög,Pest
34342,Daruszentmiklós,Fejér
34351,Károlyháza,Győr-Moson-Sopron
34360,Rákóczibánya,Nógrád
34379,Kerekharaszt,Heves
34388,Szorgalmatos,Szabolcs-Szatmár-Bereg
34397,Monorierdő,Pest
34403,Zákányfalu,Somogy
34412,Mosonudvar,Győr-Moson-Sopron
34421,Balatonakarattya,Veszprém
